epoch,steps,cosine_pearson,cosine_spearman
0.010706638115631691,10,nan,nan
0.021413276231263382,20,nan,nan
0.032119914346895075,30,nan,nan
0.042826552462526764,40,nan,nan
0.05353319057815846,50,nan,nan
0.06423982869379015,60,nan,nan
0.07494646680942184,70,nan,nan
