2025-04-13 09:53:28,283 - __main__ - INFO - Scraping collection: muslim...
2025-04-13 09:53:28,597 - __main__ - INFO - Extracting book data from website...
2025-04-13 09:53:28,628 - __main__ - INFO - 57 books extracted.
2025-04-13 09:53:29,068 - __main__ - INFO - Saving data to ./Hadith/sunnah_dot_com_data\muslim\00_Introduction.json...
2025-04-13 09:53:29,069 - __main__ - INFO - Data saved to ./Hadith/sunnah_dot_com_data\muslim\00_Introduction.json.
2025-04-13 09:54:34,461 - __main__ - INFO - Saving data to ./Hadith/sunnah_dot_com_data\muslim\01_The Book of Faith.json...
2025-04-13 09:54:34,506 - __main__ - INFO - Data saved to ./Hadith/sunnah_dot_com_data\muslim\01_The Book of Faith.json.
2025-04-13 09:54:59,210 - __main__ - INFO - Saving data to ./Hadith/sunnah_dot_com_data\muslim\02_The Book of Purification.json...
2025-04-13 09:54:59,225 - __main__ - INFO - Data saved to ./Hadith/sunnah_dot_com_data\muslim\02_The Book of Purification.json.
2025-04-13 09:55:28,217 - __main__ - INFO - Saving data to ./Hadith/sunnah_dot_com_data\muslim\03_The Book of Menstruation.json...
2025-04-13 09:55:28,232 - __main__ - INFO - Data saved to ./Hadith/sunnah_dot_com_data\muslim\03_The Book of Menstruation.json.
2025-04-13 09:56:36,144 - __main__ - INFO - Saving data to ./Hadith/sunnah_dot_com_data\muslim\04_The Book of Prayers.json...
2025-04-13 09:56:36,174 - __main__ - INFO - Data saved to ./Hadith/sunnah_dot_com_data\muslim\04_The Book of Prayers.json.
2025-04-13 09:58:04,374 - __main__ - INFO - Saving data to ./Hadith/sunnah_dot_com_data\muslim\05_The Book of Mosques and Places of Prayer.json...
2025-04-13 09:58:04,411 - __main__ - INFO - Data saved to ./Hadith/sunnah_dot_com_data\muslim\05_The Book of Mosques and Places of Prayer.json.
2025-04-13 09:59:28,795 - __main__ - INFO - Saving data to ./Hadith/sunnah_dot_com_data\muslim\06_The Book of Prayer - Travellers.json...
2025-04-13 09:59:28,831 - __main__ - INFO - Data saved to ./Hadith/sunnah_dot_com_data\muslim\06_The Book of Prayer - Travellers.json.
2025-04-13 09:59:48,277 - __main__ - INFO - Saving data to ./Hadith/sunnah_dot_com_data\muslim\07_The Book of Prayer - Friday.json...
2025-04-13 09:59:48,286 - __main__ - INFO - Data saved to ./Hadith/sunnah_dot_com_data\muslim\07_The Book of Prayer - Friday.json.
2025-04-13 09:59:53,180 - __main__ - INFO - Saving data to ./Hadith/sunnah_dot_com_data\muslim\08_The Book of Prayer - Two Eids.json...
2025-04-13 09:59:53,183 - __main__ - INFO - Data saved to ./Hadith/sunnah_dot_com_data\muslim\08_The Book of Prayer - Two Eids.json.
2025-04-13 09:59:57,081 - __main__ - INFO - Saving data to ./Hadith/sunnah_dot_com_data\muslim\09_The Book of Prayer - Rain.json...
2025-04-13 09:59:57,085 - __main__ - INFO - Data saved to ./Hadith/sunnah_dot_com_data\muslim\09_The Book of Prayer - Rain.json.
2025-04-13 10:00:09,542 - __main__ - INFO - Saving data to ./Hadith/sunnah_dot_com_data\muslim\10_The Book of Prayer - Eclipses.json...
2025-04-13 10:00:09,547 - __main__ - INFO - Data saved to ./Hadith/sunnah_dot_com_data\muslim\10_The Book of Prayer - Eclipses.json.
2025-04-13 10:00:37,762 - __main__ - INFO - Saving data to ./Hadith/sunnah_dot_com_data\muslim\11_The Book of Prayer - Funerals.json...
2025-04-13 10:00:37,775 - __main__ - INFO - Data saved to ./Hadith/sunnah_dot_com_data\muslim\11_The Book of Prayer - Funerals.json.
2025-04-13 10:01:27,294 - __main__ - INFO - Saving data to ./Hadith/sunnah_dot_com_data\muslim\12_The Book of Zakat.json...
2025-04-13 10:01:27,317 - __main__ - INFO - Data saved to ./Hadith/sunnah_dot_com_data\muslim\12_The Book of Zakat.json.
2025-04-13 10:02:28,917 - __main__ - INFO - Saving data to ./Hadith/sunnah_dot_com_data\muslim\13_The Book of Fasting.json...
2025-04-13 10:02:28,945 - __main__ - INFO - Data saved to ./Hadith/sunnah_dot_com_data\muslim\13_The Book of Fasting.json.
2025-04-13 10:02:31,799 - __main__ - INFO - Saving data to ./Hadith/sunnah_dot_com_data\muslim\14_The Book of I'tikaf.json...
2025-04-13 10:02:31,801 - __main__ - INFO - Data saved to ./Hadith/sunnah_dot_com_data\muslim\14_The Book of I'tikaf.json.
2025-04-13 10:04:46,850 - __main__ - INFO - Saving data to ./Hadith/sunnah_dot_com_data\muslim\15_The Book of Pilgrimage.json...
2025-04-13 10:04:46,907 - __main__ - INFO - Data saved to ./Hadith/sunnah_dot_com_data\muslim\15_The Book of Pilgrimage.json.
2025-04-13 10:05:19,890 - __main__ - INFO - Saving data to ./Hadith/sunnah_dot_com_data\muslim\16_The Book of Marriage.json...
2025-04-13 10:05:19,908 - __main__ - INFO - Data saved to ./Hadith/sunnah_dot_com_data\muslim\16_The Book of Marriage.json.
2025-04-13 10:05:36,138 - __main__ - INFO - Saving data to ./Hadith/sunnah_dot_com_data\muslim\17_The Book of Suckling.json...
2025-04-13 10:05:36,147 - __main__ - INFO - Data saved to ./Hadith/sunnah_dot_com_data\muslim\17_The Book of Suckling.json.
2025-04-13 10:05:56,870 - __main__ - INFO - Saving data to ./Hadith/sunnah_dot_com_data\muslim\18_The Book of Divorce.json...
2025-04-13 10:05:56,881 - __main__ - INFO - Data saved to ./Hadith/sunnah_dot_com_data\muslim\18_The Book of Divorce.json.
2025-04-13 10:06:06,436 - __main__ - INFO - Saving data to ./Hadith/sunnah_dot_com_data\muslim\19_The Book of Invoking Curses.json...
2025-04-13 10:06:06,439 - __main__ - INFO - Data saved to ./Hadith/sunnah_dot_com_data\muslim\19_The Book of Invoking Curses.json.
2025-04-13 10:06:14,528 - __main__ - INFO - Saving data to ./Hadith/sunnah_dot_com_data\muslim\20_The Book of Emancipating Slaves.json...
2025-04-13 10:06:14,532 - __main__ - INFO - Data saved to ./Hadith/sunnah_dot_com_data\muslim\20_The Book of Emancipating Slaves.json.
2025-04-13 10:06:54,884 - __main__ - INFO - Saving data to ./Hadith/sunnah_dot_com_data\muslim\21_The Book of Transactions.json...
2025-04-13 10:06:54,900 - __main__ - INFO - Data saved to ./Hadith/sunnah_dot_com_data\muslim\21_The Book of Transactions.json.
2025-04-13 10:07:36,931 - __main__ - INFO - Saving data to ./Hadith/sunnah_dot_com_data\muslim\22_The Book of Musaqah.json...
2025-04-13 10:07:36,951 - __main__ - INFO - Data saved to ./Hadith/sunnah_dot_com_data\muslim\22_The Book of Musaqah.json.
2025-04-13 10:07:43,039 - __main__ - INFO - Saving data to ./Hadith/sunnah_dot_com_data\muslim\23_The Book of the Rules of Inheritance.json...
2025-04-13 10:07:43,042 - __main__ - INFO - Data saved to ./Hadith/sunnah_dot_com_data\muslim\23_The Book of the Rules of Inheritance.json.
2025-04-13 10:07:53,186 - __main__ - INFO - Saving data to ./Hadith/sunnah_dot_com_data\muslim\24_The Book of Gifts.json...
2025-04-13 10:07:53,191 - __main__ - INFO - Data saved to ./Hadith/sunnah_dot_com_data\muslim\24_The Book of Gifts.json.
2025-04-13 10:07:59,702 - __main__ - INFO - Saving data to ./Hadith/sunnah_dot_com_data\muslim\25_The Book of Wills.json...
2025-04-13 10:07:59,707 - __main__ - INFO - Data saved to ./Hadith/sunnah_dot_com_data\muslim\25_The Book of Wills.json.
2025-04-13 10:08:04,458 - __main__ - INFO - Saving data to ./Hadith/sunnah_dot_com_data\muslim\26_The Book of Vows.json...
2025-04-13 10:08:04,463 - __main__ - INFO - Data saved to ./Hadith/sunnah_dot_com_data\muslim\26_The Book of Vows.json.
2025-04-13 10:08:24,361 - __main__ - INFO - Saving data to ./Hadith/sunnah_dot_com_data\muslim\27_The Book of Oaths.json...
2025-04-13 10:08:24,370 - __main__ - INFO - Data saved to ./Hadith/sunnah_dot_com_data\muslim\27_The Book of Oaths.json.
2025-04-13 10:08:36,818 - __main__ - INFO - Saving data to ./Hadith/sunnah_dot_com_data\muslim\28_The Book of Oaths,Muharibin,Qasas(Retaliation), andDiyat(Blood Money).json...
2025-04-13 10:08:36,825 - __main__ - INFO - Data saved to ./Hadith/sunnah_dot_com_data\muslim\28_The Book of Oaths,Muharibin,Qasas(Retaliation), andDiyat(Blood Money).json.
2025-04-13 10:08:52,977 - __main__ - INFO - Saving data to ./Hadith/sunnah_dot_com_data\muslim\29_The Book of Legal Punishments.json...
2025-04-13 10:08:52,984 - __main__ - INFO - Data saved to ./Hadith/sunnah_dot_com_data\muslim\29_The Book of Legal Punishments.json.
2025-04-13 10:08:59,940 - __main__ - INFO - Saving data to ./Hadith/sunnah_dot_com_data\muslim\30_The Book of Judicial Decisions.json...
2025-04-13 10:08:59,945 - __main__ - INFO - Data saved to ./Hadith/sunnah_dot_com_data\muslim\30_The Book of Judicial Decisions.json.
2025-04-13 10:09:05,609 - __main__ - INFO - Saving data to ./Hadith/sunnah_dot_com_data\muslim\31_The Book of Lost Property.json...
2025-04-13 10:09:05,613 - __main__ - INFO - Data saved to ./Hadith/sunnah_dot_com_data\muslim\31_The Book of Lost Property.json.
2025-04-13 10:09:45,826 - __main__ - INFO - Saving data to ./Hadith/sunnah_dot_com_data\muslim\32_The Book ofJihadand Expeditions.json...
2025-04-13 10:09:45,844 - __main__ - INFO - Data saved to ./Hadith/sunnah_dot_com_data\muslim\32_The Book ofJihadand Expeditions.json.
2025-04-13 10:10:41,564 - __main__ - INFO - Saving data to ./Hadith/sunnah_dot_com_data\muslim\33_The Book on Government.json...
2025-04-13 10:10:41,589 - __main__ - INFO - Data saved to ./Hadith/sunnah_dot_com_data\muslim\33_The Book on Government.json.
2025-04-13 10:11:04,153 - __main__ - INFO - Saving data to ./Hadith/sunnah_dot_com_data\muslim\34_The Book of Hunting, Slaughter, and what may be Eaten.json...
2025-04-13 10:11:04,166 - __main__ - INFO - Data saved to ./Hadith/sunnah_dot_com_data\muslim\34_The Book of Hunting, Slaughter, and what may be Eaten.json.
2025-04-13 10:11:18,534 - __main__ - INFO - Saving data to ./Hadith/sunnah_dot_com_data\muslim\35_The Book of Sacrifices.json...
2025-04-13 10:11:18,541 - __main__ - INFO - Data saved to ./Hadith/sunnah_dot_com_data\muslim\35_The Book of Sacrifices.json.
2025-04-13 10:12:20,138 - __main__ - INFO - Saving data to ./Hadith/sunnah_dot_com_data\muslim\36_The Book of Drinks.json...
2025-04-13 10:12:20,162 - __main__ - INFO - Data saved to ./Hadith/sunnah_dot_com_data\muslim\36_The Book of Drinks.json.
2025-04-13 10:13:01,807 - __main__ - INFO - Saving data to ./Hadith/sunnah_dot_com_data\muslim\37_The Book of Clothes and Adornment.json...
2025-04-13 10:13:01,823 - __main__ - INFO - Data saved to ./Hadith/sunnah_dot_com_data\muslim\37_The Book of Clothes and Adornment.json.
2025-04-13 10:13:15,995 - __main__ - INFO - Saving data to ./Hadith/sunnah_dot_com_data\muslim\38_The Book of Manners and Etiquette.json...
2025-04-13 10:13:16,002 - __main__ - INFO - Data saved to ./Hadith/sunnah_dot_com_data\muslim\38_The Book of Manners and Etiquette.json.
2025-04-13 10:14:01,360 - __main__ - INFO - Saving data to ./Hadith/sunnah_dot_com_data\muslim\39_The Book of Greetings.json...
2025-04-13 10:14:01,382 - __main__ - INFO - Data saved to ./Hadith/sunnah_dot_com_data\muslim\39_The Book of Greetings.json.
2025-04-13 10:14:06,794 - __main__ - INFO - Saving data to ./Hadith/sunnah_dot_com_data\muslim\40_The Book Concerning the Use of Correct Words.json...
2025-04-13 10:14:06,797 - __main__ - INFO - Data saved to ./Hadith/sunnah_dot_com_data\muslim\40_The Book Concerning the Use of Correct Words.json.
2025-04-13 10:14:09,673 - __main__ - INFO - Saving data to ./Hadith/sunnah_dot_com_data\muslim\41_The Book of Poetry.json...
2025-04-13 10:14:09,675 - __main__ - INFO - Data saved to ./Hadith/sunnah_dot_com_data\muslim\41_The Book of Poetry.json.
2025-04-13 10:14:18,573 - __main__ - INFO - Saving data to ./Hadith/sunnah_dot_com_data\muslim\42_The Book of Dreams.json...
2025-04-13 10:14:18,579 - __main__ - INFO - Data saved to ./Hadith/sunnah_dot_com_data\muslim\42_The Book of Dreams.json.
2025-04-13 10:15:11,242 - __main__ - INFO - Saving data to ./Hadith/sunnah_dot_com_data\muslim\43_The Book of Virtues.json...
2025-04-13 10:15:11,263 - __main__ - INFO - Data saved to ./Hadith/sunnah_dot_com_data\muslim\43_The Book of Virtues.json.
2025-04-13 10:16:22,689 - __main__ - INFO - Saving data to ./Hadith/sunnah_dot_com_data\muslim\44_The Book of the Merits of the Companions.json...
2025-04-13 10:16:22,722 - __main__ - INFO - Data saved to ./Hadith/sunnah_dot_com_data\muslim\44_The Book of the Merits of the Companions.json.
2025-04-13 10:17:08,430 - __main__ - INFO - Saving data to ./Hadith/sunnah_dot_com_data\muslim\45_The Book of Virtue, Enjoining Good Manners, and Joining of the Ties of Kinship.json...
2025-04-13 10:17:08,452 - __main__ - INFO - Data saved to ./Hadith/sunnah_dot_com_data\muslim\45_The Book of Virtue, Enjoining Good Manners, and Joining of the Ties of Kinship.json.
2025-04-13 10:17:18,494 - __main__ - INFO - Saving data to ./Hadith/sunnah_dot_com_data\muslim\46_The Book of Destiny.json...
2025-04-13 10:17:18,500 - __main__ - INFO - Data saved to ./Hadith/sunnah_dot_com_data\muslim\46_The Book of Destiny.json.
2025-04-13 10:17:25,492 - __main__ - INFO - Saving data to ./Hadith/sunnah_dot_com_data\muslim\47_The Book of Knowledge.json...
2025-04-13 10:17:25,496 - __main__ - INFO - Data saved to ./Hadith/sunnah_dot_com_data\muslim\47_The Book of Knowledge.json.
2025-04-13 10:17:54,065 - __main__ - INFO - Saving data to ./Hadith/sunnah_dot_com_data\muslim\48_The Book Pertaining to the Remembrance of Allah, Supplication, Repentance and Seeking Forgiveness.json...
2025-04-13 10:17:54,078 - __main__ - INFO - Data saved to ./Hadith/sunnah_dot_com_data\muslim\48_The Book Pertaining to the Remembrance of Allah, Supplication, Repentance and Seeking Forgiveness.json.
2025-04-13 10:17:57,355 - __main__ - INFO - Saving data to ./Hadith/sunnah_dot_com_data\muslim\49_The Book of Heart-Melting Traditions.json...
2025-04-13 10:17:57,357 - __main__ - INFO - Data saved to ./Hadith/sunnah_dot_com_data\muslim\49_The Book of Heart-Melting Traditions.json.
2025-04-13 10:18:11,748 - __main__ - INFO - Saving data to ./Hadith/sunnah_dot_com_data\muslim\50_The Book of Repentance.json...
2025-04-13 10:18:11,757 - __main__ - INFO - Data saved to ./Hadith/sunnah_dot_com_data\muslim\50_The Book of Repentance.json.
2025-04-13 10:18:15,986 - __main__ - INFO - Saving data to ./Hadith/sunnah_dot_com_data\muslim\51_Characteristics of The Hypocrites And Rulings Concerning Them.json...
2025-04-13 10:18:15,989 - __main__ - INFO - Data saved to ./Hadith/sunnah_dot_com_data\muslim\51_Characteristics of The Hypocrites And Rulings Concerning Them.json.
2025-04-13 10:18:32,741 - __main__ - INFO - Saving data to ./Hadith/sunnah_dot_com_data\muslim\52_Characteristics of the Day of Judgment, Paradise, and Hell.json...
2025-04-13 10:18:32,749 - __main__ - INFO - Data saved to ./Hadith/sunnah_dot_com_data\muslim\52_Characteristics of the Day of Judgment, Paradise, and Hell.json.
2025-04-13 10:18:56,798 - __main__ - INFO - Saving data to ./Hadith/sunnah_dot_com_data\muslim\53_The Book of Paradise, its Description, its Bounties and its Inhabitants.json...
2025-04-13 10:18:56,809 - __main__ - INFO - Data saved to ./Hadith/sunnah_dot_com_data\muslim\53_The Book of Paradise, its Description, its Bounties and its Inhabitants.json.
2025-04-13 10:19:30,237 - __main__ - INFO - Saving data to ./Hadith/sunnah_dot_com_data\muslim\54_The Book of Tribulations and Portents of the Last Hour.json...
2025-04-13 10:19:30,255 - __main__ - INFO - Data saved to ./Hadith/sunnah_dot_com_data\muslim\54_The Book of Tribulations and Portents of the Last Hour.json.
2025-04-13 10:19:50,697 - __main__ - INFO - Saving data to ./Hadith/sunnah_dot_com_data\muslim\55_The Book ofZuhdand Softening of Hearts.json...
2025-04-13 10:19:50,707 - __main__ - INFO - Data saved to ./Hadith/sunnah_dot_com_data\muslim\55_The Book ofZuhdand Softening of Hearts.json.
2025-04-13 10:19:59,591 - __main__ - INFO - Saving data to ./Hadith/sunnah_dot_com_data\muslim\56_The Book of Commentary on the Qur'an.json...
2025-04-13 10:19:59,596 - __main__ - INFO - Data saved to ./Hadith/sunnah_dot_com_data\muslim\56_The Book of Commentary on the Qur'an.json.
2025-04-13 10:19:59,599 - __main__ - INFO - Finished scraping muslim.
2025-04-13 10:19:59,608 - __main__ - INFO - Scraping collection: nasai...
2025-04-13 10:19:59,769 - __main__ - INFO - Extracting book data from website...
2025-04-13 10:19:59,798 - __main__ - INFO - 52 books extracted.
2025-04-13 10:21:00,161 - __main__ - INFO - Saving data to ./Hadith/sunnah_dot_com_data\nasai\01_The Book of Purification.json...
2025-04-13 10:21:00,191 - __main__ - INFO - Data saved to ./Hadith/sunnah_dot_com_data\nasai\01_The Book of Purification.json.
2025-04-13 10:21:05,098 - __main__ - INFO - Saving data to ./Hadith/sunnah_dot_com_data\nasai\02_The Book of Water.json...
2025-04-13 10:21:05,102 - __main__ - INFO - Data saved to ./Hadith/sunnah_dot_com_data\nasai\02_The Book of Water.json.
2025-04-13 10:21:13,880 - __main__ - INFO - Saving data to ./Hadith/sunnah_dot_com_data\nasai\03_The Book of Menstruation and Istihadah.json...
2025-04-13 10:21:13,886 - __main__ - INFO - Data saved to ./Hadith/sunnah_dot_com_data\nasai\03_The Book of Menstruation and Istihadah.json.
2025-04-13 10:21:25,581 - __main__ - INFO - Saving data to ./Hadith/sunnah_dot_com_data\nasai\04_The Book of Ghusl and Tayammum.json...
2025-04-13 10:21:25,587 - __main__ - INFO - Data saved to ./Hadith/sunnah_dot_com_data\nasai\04_The Book of Ghusl and Tayammum.json.
2025-04-13 10:21:34,326 - __main__ - INFO - Saving data to ./Hadith/sunnah_dot_com_data\nasai\05_The Book of Salah.json...
2025-04-13 10:21:34,332 - __main__ - INFO - Data saved to ./Hadith/sunnah_dot_com_data\nasai\05_The Book of Salah.json.
2025-04-13 10:21:58,720 - __main__ - INFO - Saving data to ./Hadith/sunnah_dot_com_data\nasai\06_The Book of the Times (of Prayer).json...
2025-04-13 10:21:58,734 - __main__ - INFO - Data saved to ./Hadith/sunnah_dot_com_data\nasai\06_The Book of the Times (of Prayer).json.
2025-04-13 10:22:11,009 - __main__ - INFO - Saving data to ./Hadith/sunnah_dot_com_data\nasai\07_The Book of the Adhan (The Call to Prayer).json...
2025-04-13 10:22:11,016 - __main__ - INFO - Data saved to ./Hadith/sunnah_dot_com_data\nasai\07_The Book of the Adhan (The Call to Prayer).json.
2025-04-13 10:22:20,815 - __main__ - INFO - Saving data to ./Hadith/sunnah_dot_com_data\nasai\08_The Book of the Masjids.json...
2025-04-13 10:22:20,822 - __main__ - INFO - Data saved to ./Hadith/sunnah_dot_com_data\nasai\08_The Book of the Masjids.json.
2025-04-13 10:22:28,393 - __main__ - INFO - Saving data to ./Hadith/sunnah_dot_com_data\nasai\09_The Book of the Qiblah.json...
2025-04-13 10:22:28,397 - __main__ - INFO - Data saved to ./Hadith/sunnah_dot_com_data\nasai\09_The Book of the Qiblah.json.
2025-04-13 10:22:48,626 - __main__ - INFO - Saving data to ./Hadith/sunnah_dot_com_data\nasai\10_The Book of Leading the Prayer (Al-Imamah).json...
2025-04-13 10:22:48,637 - __main__ - INFO - Data saved to ./Hadith/sunnah_dot_com_data\nasai\10_The Book of Leading the Prayer (Al-Imamah).json.
2025-04-13 10:23:17,228 - __main__ - INFO - Saving data to ./Hadith/sunnah_dot_com_data\nasai\11_The Book of the Commencement of the Prayer.json...
2025-04-13 10:23:17,243 - __main__ - INFO - Data saved to ./Hadith/sunnah_dot_com_data\nasai\11_The Book of the Commencement of the Prayer.json.
2025-04-13 10:23:40,512 - __main__ - INFO - Saving data to ./Hadith/sunnah_dot_com_data\nasai\12_The Book of The At-Tatbiq (Clasping One's Hands Together).json...
2025-04-13 10:23:40,528 - __main__ - INFO - Data saved to ./Hadith/sunnah_dot_com_data\nasai\12_The Book of The At-Tatbiq (Clasping One's Hands Together).json.
2025-04-13 10:24:14,215 - __main__ - INFO - Saving data to ./Hadith/sunnah_dot_com_data\nasai\13_The Book of Forgetfulness (In Prayer).json...
2025-04-13 10:24:14,232 - __main__ - INFO - Data saved to ./Hadith/sunnah_dot_com_data\nasai\13_The Book of Forgetfulness (In Prayer).json.
2025-04-13 10:24:28,149 - __main__ - INFO - Saving data to ./Hadith/sunnah_dot_com_data\nasai\14_The Book of Jumu'ah (Friday Prayer).json...
2025-04-13 10:24:28,156 - __main__ - INFO - Data saved to ./Hadith/sunnah_dot_com_data\nasai\14_The Book of Jumu'ah (Friday Prayer).json.
2025-04-13 10:24:33,445 - __main__ - INFO - Saving data to ./Hadith/sunnah_dot_com_data\nasai\15_The Book of Shortening the Prayer When Traveling.json...
2025-04-13 10:24:33,449 - __main__ - INFO - Data saved to ./Hadith/sunnah_dot_com_data\nasai\15_The Book of Shortening the Prayer When Traveling.json.
2025-04-13 10:24:42,051 - __main__ - INFO - Saving data to ./Hadith/sunnah_dot_com_data\nasai\16_The Book of Eclipses.json...
2025-04-13 10:24:42,057 - __main__ - INFO - Data saved to ./Hadith/sunnah_dot_com_data\nasai\16_The Book of Eclipses.json.
2025-04-13 10:24:48,936 - __main__ - INFO - Saving data to ./Hadith/sunnah_dot_com_data\nasai\17_The Book of Praying for Rain (Al-Istisqa').json...
2025-04-13 10:24:48,940 - __main__ - INFO - Data saved to ./Hadith/sunnah_dot_com_data\nasai\17_The Book of Praying for Rain (Al-Istisqa').json.
2025-04-13 10:24:55,049 - __main__ - INFO - Saving data to ./Hadith/sunnah_dot_com_data\nasai\18_The Book of the Fear Prayer.json...
2025-04-13 10:24:55,053 - __main__ - INFO - Data saved to ./Hadith/sunnah_dot_com_data\nasai\18_The Book of the Fear Prayer.json.
2025-04-13 10:25:03,675 - __main__ - INFO - Saving data to ./Hadith/sunnah_dot_com_data\nasai\19_The Book of the Prayer for the Two 'Eids.json...
2025-04-13 10:25:03,681 - __main__ - INFO - Data saved to ./Hadith/sunnah_dot_com_data\nasai\19_The Book of the Prayer for the Two 'Eids.json.
2025-04-13 10:25:45,024 - __main__ - INFO - Saving data to ./Hadith/sunnah_dot_com_data\nasai\20_The Book of Qiyam Al-Lail (The Night Prayer) and Voluntary Prayers During the Day.json...
2025-04-13 10:25:45,046 - __main__ - INFO - Data saved to ./Hadith/sunnah_dot_com_data\nasai\20_The Book of Qiyam Al-Lail (The Night Prayer) and Voluntary Prayers During the Day.json.
2025-04-13 10:26:38,548 - __main__ - INFO - Saving data to ./Hadith/sunnah_dot_com_data\nasai\21_The Book of Funerals.json...
2025-04-13 10:26:38,574 - __main__ - INFO - Data saved to ./Hadith/sunnah_dot_com_data\nasai\21_The Book of Funerals.json.
2025-04-13 10:27:45,206 - __main__ - INFO - Saving data to ./Hadith/sunnah_dot_com_data\nasai\22_The Book of Fasting.json...
2025-04-13 10:27:45,238 - __main__ - INFO - Data saved to ./Hadith/sunnah_dot_com_data\nasai\22_The Book of Fasting.json.
2025-04-13 10:28:22,314 - __main__ - INFO - Saving data to ./Hadith/sunnah_dot_com_data\nasai\23_The Book of Zakah.json...
2025-04-13 10:28:22,331 - __main__ - INFO - Data saved to ./Hadith/sunnah_dot_com_data\nasai\23_The Book of Zakah.json.
2025-04-13 10:29:53,798 - __main__ - INFO - Saving data to ./Hadith/sunnah_dot_com_data\nasai\24_The Book of Hajj.json...
2025-04-13 10:29:53,841 - __main__ - INFO - Data saved to ./Hadith/sunnah_dot_com_data\nasai\24_The Book of Hajj.json.
2025-04-13 10:30:17,182 - __main__ - INFO - Saving data to ./Hadith/sunnah_dot_com_data\nasai\25_The Book of Jihad.json...
2025-04-13 10:30:17,193 - __main__ - INFO - Data saved to ./Hadith/sunnah_dot_com_data\nasai\25_The Book of Jihad.json.
2025-04-13 10:30:50,944 - __main__ - INFO - Saving data to ./Hadith/sunnah_dot_com_data\nasai\26_The Book of Marriage.json...
2025-04-13 10:30:50,962 - __main__ - INFO - Data saved to ./Hadith/sunnah_dot_com_data\nasai\26_The Book of Marriage.json.
2025-04-13 10:31:26,606 - __main__ - INFO - Saving data to ./Hadith/sunnah_dot_com_data\nasai\27_The Book of Divorce.json...
2025-04-13 10:31:26,623 - __main__ - INFO - Data saved to ./Hadith/sunnah_dot_com_data\nasai\27_The Book of Divorce.json.
2025-04-13 10:31:33,593 - __main__ - INFO - Saving data to ./Hadith/sunnah_dot_com_data\nasai\28_The Book of Horses, Races and Shooting.json...
2025-04-13 10:31:33,598 - __main__ - INFO - Data saved to ./Hadith/sunnah_dot_com_data\nasai\28_The Book of Horses, Races and Shooting.json.
2025-04-13 10:31:36,771 - __main__ - INFO - Saving data to ./Hadith/sunnah_dot_com_data\nasai\29_The Book of Endowments.json...
2025-04-13 10:31:36,774 - __main__ - INFO - Data saved to ./Hadith/sunnah_dot_com_data\nasai\29_The Book of Endowments.json.
2025-04-13 10:31:48,602 - __main__ - INFO - Saving data to ./Hadith/sunnah_dot_com_data\nasai\30_The Book of Wills.json...
2025-04-13 10:31:48,608 - __main__ - INFO - Data saved to ./Hadith/sunnah_dot_com_data\nasai\30_The Book of Wills.json.
2025-04-13 10:31:51,738 - __main__ - INFO - Saving data to ./Hadith/sunnah_dot_com_data\nasai\31_The Book of Presents.json...
2025-04-13 10:31:51,740 - __main__ - INFO - Data saved to ./Hadith/sunnah_dot_com_data\nasai\31_The Book of Presents.json.
2025-04-13 10:31:55,187 - __main__ - INFO - Saving data to ./Hadith/sunnah_dot_com_data\nasai\32_The Book of Gifts.json...
2025-04-13 10:31:55,190 - __main__ - INFO - Data saved to ./Hadith/sunnah_dot_com_data\nasai\32_The Book of Gifts.json.
2025-04-13 10:31:58,259 - __main__ - INFO - Saving data to ./Hadith/sunnah_dot_com_data\nasai\33_The Book of ar-Ruqba.json...
2025-04-13 10:31:58,261 - __main__ - INFO - Data saved to ./Hadith/sunnah_dot_com_data\nasai\33_The Book of ar-Ruqba.json.
2025-04-13 10:32:07,726 - __main__ - INFO - Saving data to ./Hadith/sunnah_dot_com_data\nasai\34_The Book of 'Umra.json...
2025-04-13 10:32:07,731 - __main__ - INFO - Data saved to ./Hadith/sunnah_dot_com_data\nasai\34_The Book of 'Umra.json.
2025-04-13 10:32:26,960 - __main__ - INFO - Saving data to ./Hadith/sunnah_dot_com_data\nasai\35_The Book of Oaths and Vows.json...
2025-04-13 10:32:26,970 - __main__ - INFO - Data saved to ./Hadith/sunnah_dot_com_data\nasai\35_The Book of Oaths and Vows.json.
2025-04-13 10:32:45,306 - __main__ - INFO - Saving data to ./Hadith/sunnah_dot_com_data\nasai\35b_The Book of Agriculture.json...
2025-04-13 10:32:45,316 - __main__ - INFO - Data saved to ./Hadith/sunnah_dot_com_data\nasai\35b_The Book of Agriculture.json.
2025-04-13 10:32:50,164 - __main__ - INFO - Saving data to ./Hadith/sunnah_dot_com_data\nasai\36_The Book of the Kind Treatment of Women.json...
2025-04-13 10:32:50,168 - __main__ - INFO - Data saved to ./Hadith/sunnah_dot_com_data\nasai\36_The Book of the Kind Treatment of Women.json.
2025-04-13 10:33:22,343 - __main__ - INFO - Saving data to ./Hadith/sunnah_dot_com_data\nasai\37_The Book of Fighting [The Prohibition of Bloodshed].json...
2025-04-13 10:33:22,360 - __main__ - INFO - Data saved to ./Hadith/sunnah_dot_com_data\nasai\37_The Book of Fighting [The Prohibition of Bloodshed].json.
2025-04-13 10:33:25,481 - __main__ - INFO - Saving data to ./Hadith/sunnah_dot_com_data\nasai\38_The Book of Distribution of Al-Fay'.json...
2025-04-13 10:33:25,484 - __main__ - INFO - Data saved to ./Hadith/sunnah_dot_com_data\nasai\38_The Book of Distribution of Al-Fay'.json.
2025-04-13 10:33:37,032 - __main__ - INFO - Saving data to ./Hadith/sunnah_dot_com_data\nasai\39_The Book of al-Bay'ah.json...
2025-04-13 10:33:37,040 - __main__ - INFO - Data saved to ./Hadith/sunnah_dot_com_data\nasai\39_The Book of al-Bay'ah.json.
2025-04-13 10:33:39,047 - __main__ - INFO - Saving data to ./Hadith/sunnah_dot_com_data\nasai\40_The Book of al-'Aqiqah.json...
2025-04-13 10:33:39,048 - __main__ - INFO - Data saved to ./Hadith/sunnah_dot_com_data\nasai\40_The Book of al-'Aqiqah.json.
2025-04-13 10:33:47,576 - __main__ - INFO - Saving data to ./Hadith/sunnah_dot_com_data\nasai\41_The Book of al-Fara' and al-'Atirah.json...
2025-04-13 10:33:47,581 - __main__ - INFO - Data saved to ./Hadith/sunnah_dot_com_data\nasai\41_The Book of al-Fara' and al-'Atirah.json.
2025-04-13 10:34:06,865 - __main__ - INFO - Saving data to ./Hadith/sunnah_dot_com_data\nasai\42_The Book of Hunting and Slaughtering.json...
2025-04-13 10:34:06,874 - __main__ - INFO - Data saved to ./Hadith/sunnah_dot_com_data\nasai\42_The Book of Hunting and Slaughtering.json.
2025-04-13 10:34:23,576 - __main__ - INFO - Saving data to ./Hadith/sunnah_dot_com_data\nasai\43_The Book of ad-Dahaya (Sacrifices).json...
2025-04-13 10:34:23,585 - __main__ - INFO - Data saved to ./Hadith/sunnah_dot_com_data\nasai\43_The Book of ad-Dahaya (Sacrifices).json.
2025-04-13 10:35:13,525 - __main__ - INFO - Saving data to ./Hadith/sunnah_dot_com_data\nasai\44_The Book of Financial Transactions.json...
2025-04-13 10:35:13,550 - __main__ - INFO - Data saved to ./Hadith/sunnah_dot_com_data\nasai\44_The Book of Financial Transactions.json.
2025-04-13 10:35:48,474 - __main__ - INFO - Saving data to ./Hadith/sunnah_dot_com_data\nasai\45_The Book of Oaths (qasamah), Retaliation and Blood Money.json...
2025-04-13 10:35:48,491 - __main__ - INFO - Data saved to ./Hadith/sunnah_dot_com_data\nasai\45_The Book of Oaths (qasamah), Retaliation and Blood Money.json.
2025-04-13 10:36:11,795 - __main__ - INFO - Saving data to ./Hadith/sunnah_dot_com_data\nasai\46_The Book of Cutting off the Hand of the Thief.json...
2025-04-13 10:36:11,805 - __main__ - INFO - Data saved to ./Hadith/sunnah_dot_com_data\nasai\46_The Book of Cutting off the Hand of the Thief.json.
2025-04-13 10:36:21,841 - __main__ - INFO - Saving data to ./Hadith/sunnah_dot_com_data\nasai\47_The Book Of Faith and its Signs.json...
2025-04-13 10:36:21,848 - __main__ - INFO - Data saved to ./Hadith/sunnah_dot_com_data\nasai\47_The Book Of Faith and its Signs.json.
2025-04-13 10:37:27,820 - __main__ - INFO - Saving data to ./Hadith/sunnah_dot_com_data\nasai\48_The Book of Adornment.json...
2025-04-13 10:37:27,875 - __main__ - INFO - Data saved to ./Hadith/sunnah_dot_com_data\nasai\48_The Book of Adornment.json.
2025-04-13 10:37:38,166 - __main__ - INFO - Saving data to ./Hadith/sunnah_dot_com_data\nasai\49_The Book of the Etiquette of Judges.json...
2025-04-13 10:37:38,172 - __main__ - INFO - Data saved to ./Hadith/sunnah_dot_com_data\nasai\49_The Book of the Etiquette of Judges.json.
2025-04-13 10:37:58,688 - __main__ - INFO - Saving data to ./Hadith/sunnah_dot_com_data\nasai\50_The Book of Seeking Refuge with Allah.json...
2025-04-13 10:37:58,704 - __main__ - INFO - Data saved to ./Hadith/sunnah_dot_com_data\nasai\50_The Book of Seeking Refuge with Allah.json.
2025-04-13 10:38:44,192 - __main__ - INFO - Saving data to ./Hadith/sunnah_dot_com_data\nasai\51_The Book of Drinks.json...
2025-04-13 10:38:44,213 - __main__ - INFO - Data saved to ./Hadith/sunnah_dot_com_data\nasai\51_The Book of Drinks.json.
2025-04-13 10:38:44,215 - __main__ - INFO - Finished scraping nasai.
2025-04-13 10:38:44,222 - __main__ - INFO - Scraping collection: abudawud...
2025-04-13 10:38:44,376 - __main__ - INFO - Extracting book data from website...
2025-04-13 10:38:44,401 - __main__ - INFO - 43 books extracted.
2025-04-13 10:39:59,564 - __main__ - INFO - Saving data to ./Hadith/sunnah_dot_com_data\abudawud\01_Purification (Kitab Al-Taharah).json...
2025-04-13 10:39:59,603 - __main__ - INFO - Data saved to ./Hadith/sunnah_dot_com_data\abudawud\01_Purification (Kitab Al-Taharah).json.
2025-04-13 10:42:20,210 - __main__ - INFO - Saving data to ./Hadith/sunnah_dot_com_data\abudawud\02_Prayer (Kitab Al-Salat).json...
2025-04-13 10:42:20,292 - __main__ - INFO - Data saved to ./Hadith/sunnah_dot_com_data\abudawud\02_Prayer (Kitab Al-Salat).json.
2025-04-13 10:42:26,975 - __main__ - INFO - Saving data to ./Hadith/sunnah_dot_com_data\abudawud\03_The Book Of The Prayer For Rain (Kitab al-Istisqa').json...
2025-04-13 10:42:26,981 - __main__ - INFO - Data saved to ./Hadith/sunnah_dot_com_data\abudawud\03_The Book Of The Prayer For Rain (Kitab al-Istisqa').json.
2025-04-13 10:42:36,795 - __main__ - INFO - Saving data to ./Hadith/sunnah_dot_com_data\abudawud\04_Prayer (Kitab Al-Salat): Detailed Rules of Law about the Prayer during Journey.json...
2025-04-13 10:42:36,802 - __main__ - INFO - Data saved to ./Hadith/sunnah_dot_com_data\abudawud\04_Prayer (Kitab Al-Salat): Detailed Rules of Law about the Prayer during Journey.json.
2025-04-13 10:42:59,354 - __main__ - INFO - Saving data to ./Hadith/sunnah_dot_com_data\abudawud\05_Prayer (Kitab Al-Salat): Voluntary Prayers.json...
2025-04-13 10:42:59,367 - __main__ - INFO - Data saved to ./Hadith/sunnah_dot_com_data\abudawud\05_Prayer (Kitab Al-Salat): Voluntary Prayers.json.
2025-04-13 10:43:05,955 - __main__ - INFO - Saving data to ./Hadith/sunnah_dot_com_data\abudawud\06_Prayer (Kitab Al-Salat): Detailed Injunctions about Ramadan.json...
2025-04-13 10:43:05,962 - __main__ - INFO - Data saved to ./Hadith/sunnah_dot_com_data\abudawud\06_Prayer (Kitab Al-Salat): Detailed Injunctions about Ramadan.json.
2025-04-13 10:43:08,945 - __main__ - INFO - Saving data to ./Hadith/sunnah_dot_com_data\abudawud\07_Prayer (Kitab Al-Salat): Prostration while reciting the Qur'an.json...
2025-04-13 10:43:08,948 - __main__ - INFO - Data saved to ./Hadith/sunnah_dot_com_data\abudawud\07_Prayer (Kitab Al-Salat): Prostration while reciting the Qur'an.json.
2025-04-13 10:43:32,983 - __main__ - INFO - Saving data to ./Hadith/sunnah_dot_com_data\abudawud\08_Prayer (Kitab Al-Salat): Detailed Injunctions about Witr.json...
2025-04-13 10:43:32,998 - __main__ - INFO - Data saved to ./Hadith/sunnah_dot_com_data\abudawud\08_Prayer (Kitab Al-Salat): Detailed Injunctions about Witr.json.
2025-04-13 10:43:59,923 - __main__ - INFO - Saving data to ./Hadith/sunnah_dot_com_data\abudawud\09_Zakat (Kitab Al-Zakat).json...
2025-04-13 10:43:59,938 - __main__ - INFO - Data saved to ./Hadith/sunnah_dot_com_data\abudawud\09_Zakat (Kitab Al-Zakat).json.
2025-04-13 10:44:04,633 - __main__ - INFO - Saving data to ./Hadith/sunnah_dot_com_data\abudawud\10_The Book of Lost and Found Items.json...
2025-04-13 10:44:04,637 - __main__ - INFO - Data saved to ./Hadith/sunnah_dot_com_data\abudawud\10_The Book of Lost and Found Items.json.
2025-04-13 10:45:09,167 - __main__ - INFO - Saving data to ./Hadith/sunnah_dot_com_data\abudawud\11_The Rites of Hajj (Kitab Al-Manasik Wa'l-Hajj).json...
2025-04-13 10:45:09,199 - __main__ - INFO - Data saved to ./Hadith/sunnah_dot_com_data\abudawud\11_The Rites of Hajj (Kitab Al-Manasik Wa'l-Hajj).json.
2025-04-13 10:45:31,871 - __main__ - INFO - Saving data to ./Hadith/sunnah_dot_com_data\abudawud\12_Marriage (Kitab Al-Nikah).json...
2025-04-13 10:45:31,884 - __main__ - INFO - Data saved to ./Hadith/sunnah_dot_com_data\abudawud\12_Marriage (Kitab Al-Nikah).json.
2025-04-13 10:45:57,533 - __main__ - INFO - Saving data to ./Hadith/sunnah_dot_com_data\abudawud\13_Divorce (Kitab Al-Talaq).json...
2025-04-13 10:45:57,548 - __main__ - INFO - Data saved to ./Hadith/sunnah_dot_com_data\abudawud\13_Divorce (Kitab Al-Talaq).json.
2025-04-13 10:46:27,929 - __main__ - INFO - Saving data to ./Hadith/sunnah_dot_com_data\abudawud\14_Fasting (Kitab Al-Siyam).json...
2025-04-13 10:46:27,947 - __main__ - INFO - Data saved to ./Hadith/sunnah_dot_com_data\abudawud\14_Fasting (Kitab Al-Siyam).json.
2025-04-13 10:47:26,944 - __main__ - INFO - Saving data to ./Hadith/sunnah_dot_com_data\abudawud\15_Jihad (Kitab Al-Jihad).json...
2025-04-13 10:47:26,971 - __main__ - INFO - Data saved to ./Hadith/sunnah_dot_com_data\abudawud\15_Jihad (Kitab Al-Jihad).json.
2025-04-13 10:47:37,364 - __main__ - INFO - Saving data to ./Hadith/sunnah_dot_com_data\abudawud\16_Sacrifice (Kitab Al-Dahaya).json...
2025-04-13 10:47:37,369 - __main__ - INFO - Data saved to ./Hadith/sunnah_dot_com_data\abudawud\16_Sacrifice (Kitab Al-Dahaya).json.
2025-04-13 10:47:40,635 - __main__ - INFO - Saving data to ./Hadith/sunnah_dot_com_data\abudawud\17_Game (Kitab Al-Said).json...
2025-04-13 10:47:40,637 - __main__ - INFO - Data saved to ./Hadith/sunnah_dot_com_data\abudawud\17_Game (Kitab Al-Said).json.
2025-04-13 10:47:45,101 - __main__ - INFO - Saving data to ./Hadith/sunnah_dot_com_data\abudawud\18_Wills (Kitab Al-Wasaya).json...
2025-04-13 10:47:45,105 - __main__ - INFO - Data saved to ./Hadith/sunnah_dot_com_data\abudawud\18_Wills (Kitab Al-Wasaya).json.
2025-04-13 10:47:53,012 - __main__ - INFO - Saving data to ./Hadith/sunnah_dot_com_data\abudawud\19_Shares of Inheritance (Kitab Al-Fara'id).json...
2025-04-13 10:47:53,017 - __main__ - INFO - Data saved to ./Hadith/sunnah_dot_com_data\abudawud\19_Shares of Inheritance (Kitab Al-Fara'id).json.
2025-04-13 10:48:24,526 - __main__ - INFO - Saving data to ./Hadith/sunnah_dot_com_data\abudawud\20_Tribute, Spoils, and Rulership (Kitab Al-Kharaj, Wal-Fai' Wal-Imarah).json...
2025-04-13 10:48:24,543 - __main__ - INFO - Data saved to ./Hadith/sunnah_dot_com_data\abudawud\20_Tribute, Spoils, and Rulership (Kitab Al-Kharaj, Wal-Fai' Wal-Imarah).json.
2025-04-13 10:48:52,873 - __main__ - INFO - Saving data to ./Hadith/sunnah_dot_com_data\abudawud\21_Funerals (Kitab Al-Jana'iz).json...
2025-04-13 10:48:52,889 - __main__ - INFO - Data saved to ./Hadith/sunnah_dot_com_data\abudawud\21_Funerals (Kitab Al-Jana'iz).json.
2025-04-13 10:49:10,443 - __main__ - INFO - Saving data to ./Hadith/sunnah_dot_com_data\abudawud\22_Oaths and Vows (Kitab Al-Aiman Wa Al-Nudhur).json...
2025-04-13 10:49:10,454 - __main__ - INFO - Data saved to ./Hadith/sunnah_dot_com_data\abudawud\22_Oaths and Vows (Kitab Al-Aiman Wa Al-Nudhur).json.
2025-04-13 10:49:27,682 - __main__ - INFO - Saving data to ./Hadith/sunnah_dot_com_data\abudawud\23_Commercial Transactions (Kitab Al-Buyu).json...
2025-04-13 10:49:27,691 - __main__ - INFO - Data saved to ./Hadith/sunnah_dot_com_data\abudawud\23_Commercial Transactions (Kitab Al-Buyu).json.
2025-04-13 10:49:59,006 - __main__ - INFO - Saving data to ./Hadith/sunnah_dot_com_data\abudawud\24_Wages (Kitab Al-Ijarah).json...
2025-04-13 10:49:59,020 - __main__ - INFO - Data saved to ./Hadith/sunnah_dot_com_data\abudawud\24_Wages (Kitab Al-Ijarah).json.
2025-04-13 10:50:13,656 - __main__ - INFO - Saving data to ./Hadith/sunnah_dot_com_data\abudawud\25_The Office of the Judge (Kitab Al-Aqdiyah).json...
2025-04-13 10:50:13,666 - __main__ - INFO - Data saved to ./Hadith/sunnah_dot_com_data\abudawud\25_The Office of the Judge (Kitab Al-Aqdiyah).json.
2025-04-13 10:50:18,433 - __main__ - INFO - Saving data to ./Hadith/sunnah_dot_com_data\abudawud\26_Knowledge (Kitab Al-Ilm).json...
2025-04-13 10:50:18,436 - __main__ - INFO - Data saved to ./Hadith/sunnah_dot_com_data\abudawud\26_Knowledge (Kitab Al-Ilm).json.
2025-04-13 10:50:31,006 - __main__ - INFO - Saving data to ./Hadith/sunnah_dot_com_data\abudawud\27_Drinks (Kitab Al-Ashribah).json...
2025-04-13 10:50:31,013 - __main__ - INFO - Data saved to ./Hadith/sunnah_dot_com_data\abudawud\27_Drinks (Kitab Al-Ashribah).json.
2025-04-13 10:50:55,669 - __main__ - INFO - Saving data to ./Hadith/sunnah_dot_com_data\abudawud\28_Foods (Kitab Al-At'imah).json...
2025-04-13 10:50:55,683 - __main__ - INFO - Data saved to ./Hadith/sunnah_dot_com_data\abudawud\28_Foods (Kitab Al-At'imah).json.
2025-04-13 10:51:05,517 - __main__ - INFO - Saving data to ./Hadith/sunnah_dot_com_data\abudawud\29_Medicine (Kitab Al-Tibb).json...
2025-04-13 10:51:05,522 - __main__ - INFO - Data saved to ./Hadith/sunnah_dot_com_data\abudawud\29_Medicine (Kitab Al-Tibb).json.
2025-04-13 10:51:09,638 - __main__ - INFO - Saving data to ./Hadith/sunnah_dot_com_data\abudawud\30_Divination and Omens (Kitab Al-Kahanah Wa Al-Tatayyur).json...
2025-04-13 10:51:09,643 - __main__ - INFO - Data saved to ./Hadith/sunnah_dot_com_data\abudawud\30_Divination and Omens (Kitab Al-Kahanah Wa Al-Tatayyur).json.
2025-04-13 10:51:17,537 - __main__ - INFO - Saving data to ./Hadith/sunnah_dot_com_data\abudawud\31_The Book of Manumission of Slaves.json...
2025-04-13 10:51:17,543 - __main__ - INFO - Data saved to ./Hadith/sunnah_dot_com_data\abudawud\31_The Book of Manumission of Slaves.json.
2025-04-13 10:51:25,107 - __main__ - INFO - Saving data to ./Hadith/sunnah_dot_com_data\abudawud\32_Dialects and Readings of the Qur'an (Kitab Al-Huruf Wa Al-Qira'at).json...
2025-04-13 10:51:25,112 - __main__ - INFO - Data saved to ./Hadith/sunnah_dot_com_data\abudawud\32_Dialects and Readings of the Qur'an (Kitab Al-Huruf Wa Al-Qira'at).json.
2025-04-13 10:51:27,300 - __main__ - INFO - Saving data to ./Hadith/sunnah_dot_com_data\abudawud\33_Hot Baths (Kitab Al-Hammam).json...
2025-04-13 10:51:27,303 - __main__ - INFO - Data saved to ./Hadith/sunnah_dot_com_data\abudawud\33_Hot Baths (Kitab Al-Hammam).json.
2025-04-13 10:51:52,161 - __main__ - INFO - Saving data to ./Hadith/sunnah_dot_com_data\abudawud\34_Clothing (Kitab Al-Libas).json...
2025-04-13 10:51:52,176 - __main__ - INFO - Data saved to ./Hadith/sunnah_dot_com_data\abudawud\34_Clothing (Kitab Al-Libas).json.
2025-04-13 10:52:02,797 - __main__ - INFO - Saving data to ./Hadith/sunnah_dot_com_data\abudawud\35_Combing the Hair (Kitab Al-Tarajjul).json...
2025-04-13 10:52:02,803 - __main__ - INFO - Data saved to ./Hadith/sunnah_dot_com_data\abudawud\35_Combing the Hair (Kitab Al-Tarajjul).json.
2025-04-13 10:52:08,218 - __main__ - INFO - Saving data to ./Hadith/sunnah_dot_com_data\abudawud\36_Signet-Rings (Kitab Al-Khatam).json...
2025-04-13 10:52:08,222 - __main__ - INFO - Data saved to ./Hadith/sunnah_dot_com_data\abudawud\36_Signet-Rings (Kitab Al-Khatam).json.
2025-04-13 10:52:15,433 - __main__ - INFO - Saving data to ./Hadith/sunnah_dot_com_data\abudawud\37_Trials and Fierce Battles (Kitab Al-Fitan Wa Al-Malahim).json...
2025-04-13 10:52:15,439 - __main__ - INFO - Data saved to ./Hadith/sunnah_dot_com_data\abudawud\37_Trials and Fierce Battles (Kitab Al-Fitan Wa Al-Malahim).json.
2025-04-13 10:52:17,454 - __main__ - INFO - Saving data to ./Hadith/sunnah_dot_com_data\abudawud\38_The Promised Deliverer (Kitab Al-Mahdi).json...
2025-04-13 10:52:17,457 - __main__ - INFO - Data saved to ./Hadith/sunnah_dot_com_data\abudawud\38_The Promised Deliverer (Kitab Al-Mahdi).json.
2025-04-13 10:52:27,060 - __main__ - INFO - Saving data to ./Hadith/sunnah_dot_com_data\abudawud\39_Battles (Kitab Al-Malahim).json...
2025-04-13 10:52:27,067 - __main__ - INFO - Data saved to ./Hadith/sunnah_dot_com_data\abudawud\39_Battles (Kitab Al-Malahim).json.
2025-04-13 10:52:51,915 - __main__ - INFO - Saving data to ./Hadith/sunnah_dot_com_data\abudawud\40_Prescribed Punishments (Kitab Al-Hudud).json...
2025-04-13 10:52:51,930 - __main__ - INFO - Data saved to ./Hadith/sunnah_dot_com_data\abudawud\40_Prescribed Punishments (Kitab Al-Hudud).json.
2025-04-13 10:53:12,290 - __main__ - INFO - Saving data to ./Hadith/sunnah_dot_com_data\abudawud\41_Types of Blood-Wit (Kitab Al-Diyat).json...
2025-04-13 10:53:12,302 - __main__ - INFO - Data saved to ./Hadith/sunnah_dot_com_data\abudawud\41_Types of Blood-Wit (Kitab Al-Diyat).json.
2025-04-13 10:53:46,271 - __main__ - INFO - Saving data to ./Hadith/sunnah_dot_com_data\abudawud\42_Model Behavior of the Prophet (Kitab Al-Sunnah).json...
2025-04-13 10:53:46,292 - __main__ - INFO - Data saved to ./Hadith/sunnah_dot_com_data\abudawud\42_Model Behavior of the Prophet (Kitab Al-Sunnah).json.
2025-04-13 10:55:19,743 - __main__ - INFO - Saving data to ./Hadith/sunnah_dot_com_data\abudawud\43_General Behavior (Kitab Al-Adab).json...
2025-04-13 10:55:19,792 - __main__ - INFO - Data saved to ./Hadith/sunnah_dot_com_data\abudawud\43_General Behavior (Kitab Al-Adab).json.
2025-04-13 10:55:19,794 - __main__ - INFO - Finished scraping abudawud.
2025-04-13 10:55:19,800 - __main__ - INFO - Scraping collection: tirmidhi...
2025-04-13 10:55:19,959 - __main__ - INFO - Extracting book data from website...
2025-04-13 10:55:19,986 - __main__ - INFO - 49 books extracted.
2025-04-13 10:55:48,284 - __main__ - INFO - Saving data to ./Hadith/sunnah_dot_com_data\tirmidhi\01_The Book on Purification.json...
2025-04-13 10:55:48,301 - __main__ - INFO - Data saved to ./Hadith/sunnah_dot_com_data\tirmidhi\01_The Book on Purification.json.
2025-04-13 10:56:37,207 - __main__ - INFO - Saving data to ./Hadith/sunnah_dot_com_data\tirmidhi\02_The Book on Salat (Prayer).json...
2025-04-13 10:56:37,238 - __main__ - INFO - Data saved to ./Hadith/sunnah_dot_com_data\tirmidhi\02_The Book on Salat (Prayer).json.
2025-04-13 10:56:42,390 - __main__ - INFO - Saving data to ./Hadith/sunnah_dot_com_data\tirmidhi\03_The Book on Al-Witr.json...
2025-04-13 10:56:42,395 - __main__ - INFO - Data saved to ./Hadith/sunnah_dot_com_data\tirmidhi\03_The Book on Al-Witr.json.
2025-04-13 10:56:48,140 - __main__ - INFO - Saving data to ./Hadith/sunnah_dot_com_data\tirmidhi\04_The Book on the Day of Friday.json...
2025-04-13 10:56:48,147 - __main__ - INFO - Data saved to ./Hadith/sunnah_dot_com_data\tirmidhi\04_The Book on the Day of Friday.json.
2025-04-13 10:56:50,730 - __main__ - INFO - Saving data to ./Hadith/sunnah_dot_com_data\tirmidhi\05_The Book on the Two Eids.json...
2025-04-13 10:56:50,732 - __main__ - INFO - Data saved to ./Hadith/sunnah_dot_com_data\tirmidhi\05_The Book on the Two Eids.json.
2025-04-13 10:57:03,870 - __main__ - INFO - Saving data to ./Hadith/sunnah_dot_com_data\tirmidhi\06_The Book on Traveling.json...
2025-04-13 10:57:03,878 - __main__ - INFO - Data saved to ./Hadith/sunnah_dot_com_data\tirmidhi\06_The Book on Traveling.json.
2025-04-13 10:57:15,242 - __main__ - INFO - Saving data to ./Hadith/sunnah_dot_com_data\tirmidhi\07_The Book on Zakat.json...
2025-04-13 10:57:15,249 - __main__ - INFO - Data saved to ./Hadith/sunnah_dot_com_data\tirmidhi\07_The Book on Zakat.json.
2025-04-13 10:57:39,078 - __main__ - INFO - Saving data to ./Hadith/sunnah_dot_com_data\tirmidhi\08_The Book on Fasting.json...
2025-04-13 10:57:39,091 - __main__ - INFO - Data saved to ./Hadith/sunnah_dot_com_data\tirmidhi\08_The Book on Fasting.json.
2025-04-13 10:58:09,912 - __main__ - INFO - Saving data to ./Hadith/sunnah_dot_com_data\tirmidhi\09_The Book on Hajj.json...
2025-04-13 10:58:09,928 - __main__ - INFO - Data saved to ./Hadith/sunnah_dot_com_data\tirmidhi\09_The Book on Hajj.json.
2025-04-13 10:58:32,002 - __main__ - INFO - Saving data to ./Hadith/sunnah_dot_com_data\tirmidhi\10_The Book on Jana''iz (Funerals).json...
2025-04-13 10:58:32,014 - __main__ - INFO - Data saved to ./Hadith/sunnah_dot_com_data\tirmidhi\10_The Book on Jana''iz (Funerals).json.
2025-04-13 10:58:44,460 - __main__ - INFO - Saving data to ./Hadith/sunnah_dot_com_data\tirmidhi\11_The Book on Marriage.json...
2025-04-13 10:58:44,468 - __main__ - INFO - Data saved to ./Hadith/sunnah_dot_com_data\tirmidhi\11_The Book on Marriage.json.
2025-04-13 10:58:49,654 - __main__ - INFO - Saving data to ./Hadith/sunnah_dot_com_data\tirmidhi\12_The Book on Suckling.json...
2025-04-13 10:58:49,658 - __main__ - INFO - Data saved to ./Hadith/sunnah_dot_com_data\tirmidhi\12_The Book on Suckling.json.
2025-04-13 10:58:55,907 - __main__ - INFO - Saving data to ./Hadith/sunnah_dot_com_data\tirmidhi\13_The Book on Divorce and Li'an.json...
2025-04-13 10:58:55,912 - __main__ - INFO - Data saved to ./Hadith/sunnah_dot_com_data\tirmidhi\13_The Book on Divorce and Li'an.json.
2025-04-13 10:59:20,250 - __main__ - INFO - Saving data to ./Hadith/sunnah_dot_com_data\tirmidhi\14_The Book on Business.json...
2025-04-13 10:59:20,263 - __main__ - INFO - Data saved to ./Hadith/sunnah_dot_com_data\tirmidhi\14_The Book on Business.json.
2025-04-13 10:59:32,826 - __main__ - INFO - Saving data to ./Hadith/sunnah_dot_com_data\tirmidhi\15_The Chapters On Judgements From The Messenger of Allah.json...
2025-04-13 10:59:32,835 - __main__ - INFO - Data saved to ./Hadith/sunnah_dot_com_data\tirmidhi\15_The Chapters On Judgements From The Messenger of Allah.json.
2025-04-13 10:59:40,314 - __main__ - INFO - Saving data to ./Hadith/sunnah_dot_com_data\tirmidhi\16_The Book on Blood Money.json...
2025-04-13 10:59:40,319 - __main__ - INFO - Data saved to ./Hadith/sunnah_dot_com_data\tirmidhi\16_The Book on Blood Money.json.
2025-04-13 10:59:48,397 - __main__ - INFO - Saving data to ./Hadith/sunnah_dot_com_data\tirmidhi\17_The Book on Legal Punishments (Al-Hudud).json...
2025-04-13 10:59:48,403 - __main__ - INFO - Data saved to ./Hadith/sunnah_dot_com_data\tirmidhi\17_The Book on Legal Punishments (Al-Hudud).json.
2025-04-13 10:59:54,960 - __main__ - INFO - Saving data to ./Hadith/sunnah_dot_com_data\tirmidhi\18_The Book on Hunting.json...
2025-04-13 10:59:54,965 - __main__ - INFO - Data saved to ./Hadith/sunnah_dot_com_data\tirmidhi\18_The Book on Hunting.json.
2025-04-13 11:00:03,874 - __main__ - INFO - Saving data to ./Hadith/sunnah_dot_com_data\tirmidhi\19_The Book on Sacrifices.json...
2025-04-13 11:00:03,878 - __main__ - INFO - Data saved to ./Hadith/sunnah_dot_com_data\tirmidhi\19_The Book on Sacrifices.json.
2025-04-13 11:00:10,901 - __main__ - INFO - Saving data to ./Hadith/sunnah_dot_com_data\tirmidhi\20_The Book on Vows and Oaths.json...
2025-04-13 11:00:10,903 - __main__ - INFO - Data saved to ./Hadith/sunnah_dot_com_data\tirmidhi\20_The Book on Vows and Oaths.json.
2025-04-13 11:00:26,462 - __main__ - INFO - Saving data to ./Hadith/sunnah_dot_com_data\tirmidhi\21_The Book on Military Expeditions.json...
2025-04-13 11:00:26,471 - __main__ - INFO - Data saved to ./Hadith/sunnah_dot_com_data\tirmidhi\21_The Book on Military Expeditions.json.
2025-04-13 11:00:35,671 - __main__ - INFO - Saving data to ./Hadith/sunnah_dot_com_data\tirmidhi\22_The Book on Virtues of Jihad.json...
2025-04-13 11:00:35,678 - __main__ - INFO - Data saved to ./Hadith/sunnah_dot_com_data\tirmidhi\22_The Book on Virtues of Jihad.json.
2025-04-13 11:00:47,344 - __main__ - INFO - Saving data to ./Hadith/sunnah_dot_com_data\tirmidhi\23_The Book on Jihad.json...
2025-04-13 11:00:47,350 - __main__ - INFO - Data saved to ./Hadith/sunnah_dot_com_data\tirmidhi\23_The Book on Jihad.json.
2025-04-13 11:01:01,481 - __main__ - INFO - Saving data to ./Hadith/sunnah_dot_com_data\tirmidhi\24_The Book on Clothing.json...
2025-04-13 11:01:01,489 - __main__ - INFO - Data saved to ./Hadith/sunnah_dot_com_data\tirmidhi\24_The Book on Clothing.json.
2025-04-13 11:01:16,115 - __main__ - INFO - Saving data to ./Hadith/sunnah_dot_com_data\tirmidhi\25_The Book on Food.json...
2025-04-13 11:01:16,124 - __main__ - INFO - Data saved to ./Hadith/sunnah_dot_com_data\tirmidhi\25_The Book on Food.json.
2025-04-13 11:01:23,212 - __main__ - INFO - Saving data to ./Hadith/sunnah_dot_com_data\tirmidhi\26_The Book on Drinks.json...
2025-04-13 11:01:23,217 - __main__ - INFO - Data saved to ./Hadith/sunnah_dot_com_data\tirmidhi\26_The Book on Drinks.json.
2025-04-13 11:01:47,550 - __main__ - INFO - Saving data to ./Hadith/sunnah_dot_com_data\tirmidhi\27_Chapters on Righteousness And Maintaining Good Relations With Relatives.json...
2025-04-13 11:01:47,565 - __main__ - INFO - Data saved to ./Hadith/sunnah_dot_com_data\tirmidhi\27_Chapters on Righteousness And Maintaining Good Relations With Relatives.json.
2025-04-13 11:01:57,209 - __main__ - INFO - Saving data to ./Hadith/sunnah_dot_com_data\tirmidhi\28_Chapters on Medicine.json...
2025-04-13 11:01:57,215 - __main__ - INFO - Data saved to ./Hadith/sunnah_dot_com_data\tirmidhi\28_Chapters on Medicine.json.
2025-04-13 11:02:03,419 - __main__ - INFO - Saving data to ./Hadith/sunnah_dot_com_data\tirmidhi\29_Chapters On Inheritance.json...
2025-04-13 11:02:03,423 - __main__ - INFO - Data saved to ./Hadith/sunnah_dot_com_data\tirmidhi\29_Chapters On Inheritance.json.
2025-04-13 11:02:05,435 - __main__ - INFO - Saving data to ./Hadith/sunnah_dot_com_data\tirmidhi\30_Chapters On Wasaya (Wills and Testament).json...
2025-04-13 11:02:05,437 - __main__ - INFO - Data saved to ./Hadith/sunnah_dot_com_data\tirmidhi\30_Chapters On Wasaya (Wills and Testament).json.
2025-04-13 11:02:07,370 - __main__ - INFO - Saving data to ./Hadith/sunnah_dot_com_data\tirmidhi\31_Chapters On Wala' And Gifts.json...
2025-04-13 11:02:07,372 - __main__ - INFO - Data saved to ./Hadith/sunnah_dot_com_data\tirmidhi\31_Chapters On Wala' And Gifts.json.
2025-04-13 11:02:11,717 - __main__ - INFO - Saving data to ./Hadith/sunnah_dot_com_data\tirmidhi\32_Chapters On Al-Qadar.json...
2025-04-13 11:02:11,721 - __main__ - INFO - Data saved to ./Hadith/sunnah_dot_com_data\tirmidhi\32_Chapters On Al-Qadar.json.
2025-04-13 11:02:33,051 - __main__ - INFO - Saving data to ./Hadith/sunnah_dot_com_data\tirmidhi\33_Chapters On Al-Fitan.json...
2025-04-13 11:02:33,063 - __main__ - INFO - Data saved to ./Hadith/sunnah_dot_com_data\tirmidhi\33_Chapters On Al-Fitan.json.
2025-04-13 11:02:37,663 - __main__ - INFO - Saving data to ./Hadith/sunnah_dot_com_data\tirmidhi\34_Chapters On Dreams.json...
2025-04-13 11:02:37,666 - __main__ - INFO - Data saved to ./Hadith/sunnah_dot_com_data\tirmidhi\34_Chapters On Dreams.json.
2025-04-13 11:02:39,723 - __main__ - INFO - Saving data to ./Hadith/sunnah_dot_com_data\tirmidhi\35_Chapters On Witnesses.json...
2025-04-13 11:02:39,725 - __main__ - INFO - Data saved to ./Hadith/sunnah_dot_com_data\tirmidhi\35_Chapters On Witnesses.json.
2025-04-13 11:03:02,096 - __main__ - INFO - Saving data to ./Hadith/sunnah_dot_com_data\tirmidhi\36_Chapters On Zuhd.json...
2025-04-13 11:03:02,108 - __main__ - INFO - Data saved to ./Hadith/sunnah_dot_com_data\tirmidhi\36_Chapters On Zuhd.json.
2025-04-13 11:03:21,179 - __main__ - INFO - Saving data to ./Hadith/sunnah_dot_com_data\tirmidhi\37_Chapters on the description of the Day of Judgement, Ar-Riqaq, and Al-Wara'.json...
2025-04-13 11:03:21,190 - __main__ - INFO - Data saved to ./Hadith/sunnah_dot_com_data\tirmidhi\37_Chapters on the description of the Day of Judgement, Ar-Riqaq, and Al-Wara'.json.
2025-04-13 11:03:30,728 - __main__ - INFO - Saving data to ./Hadith/sunnah_dot_com_data\tirmidhi\38_Chapters on the description of Paradise.json...
2025-04-13 11:03:30,734 - __main__ - INFO - Data saved to ./Hadith/sunnah_dot_com_data\tirmidhi\38_Chapters on the description of Paradise.json.
2025-04-13 11:03:37,453 - __main__ - INFO - Saving data to ./Hadith/sunnah_dot_com_data\tirmidhi\39_The Book on the Description of Hellfire.json...
2025-04-13 11:03:37,458 - __main__ - INFO - Data saved to ./Hadith/sunnah_dot_com_data\tirmidhi\39_The Book on the Description of Hellfire.json.
2025-04-13 11:03:45,073 - __main__ - INFO - Saving data to ./Hadith/sunnah_dot_com_data\tirmidhi\40_The Book on Faith.json...
2025-04-13 11:03:45,078 - __main__ - INFO - Data saved to ./Hadith/sunnah_dot_com_data\tirmidhi\40_The Book on Faith.json.
2025-04-13 11:03:51,896 - __main__ - INFO - Saving data to ./Hadith/sunnah_dot_com_data\tirmidhi\41_Chapters on Knowledge.json...
2025-04-13 11:03:51,902 - __main__ - INFO - Data saved to ./Hadith/sunnah_dot_com_data\tirmidhi\41_Chapters on Knowledge.json.
2025-04-13 11:04:01,243 - __main__ - INFO - Saving data to ./Hadith/sunnah_dot_com_data\tirmidhi\42_Chapters on Seeking Permission.json...
2025-04-13 11:04:01,249 - __main__ - INFO - Data saved to ./Hadith/sunnah_dot_com_data\tirmidhi\42_Chapters on Seeking Permission.json.
2025-04-13 11:04:27,878 - __main__ - INFO - Saving data to ./Hadith/sunnah_dot_com_data\tirmidhi\43_Chapters on Manners.json...
2025-04-13 11:04:27,891 - __main__ - INFO - Data saved to ./Hadith/sunnah_dot_com_data\tirmidhi\43_Chapters on Manners.json.
2025-04-13 11:04:31,086 - __main__ - INFO - Saving data to ./Hadith/sunnah_dot_com_data\tirmidhi\44_Chapters on Parables.json...
2025-04-13 11:04:31,089 - __main__ - INFO - Data saved to ./Hadith/sunnah_dot_com_data\tirmidhi\44_Chapters on Parables.json.
2025-04-13 11:04:40,078 - __main__ - INFO - Saving data to ./Hadith/sunnah_dot_com_data\tirmidhi\45_Chapters on The Virtues of the Qur'an.json...
2025-04-13 11:04:40,085 - __main__ - INFO - Data saved to ./Hadith/sunnah_dot_com_data\tirmidhi\45_Chapters on The Virtues of the Qur'an.json.
2025-04-13 11:04:45,220 - __main__ - INFO - Saving data to ./Hadith/sunnah_dot_com_data\tirmidhi\46_Chapters on Recitation.json...
2025-04-13 11:04:45,223 - __main__ - INFO - Data saved to ./Hadith/sunnah_dot_com_data\tirmidhi\46_Chapters on Recitation.json.
2025-04-13 11:06:04,708 - __main__ - INFO - Saving data to ./Hadith/sunnah_dot_com_data\tirmidhi\47_Chapters on Tafsir.json...
2025-04-13 11:06:04,751 - __main__ - INFO - Data saved to ./Hadith/sunnah_dot_com_data\tirmidhi\47_Chapters on Tafsir.json.
2025-04-13 11:06:45,685 - __main__ - INFO - Saving data to ./Hadith/sunnah_dot_com_data\tirmidhi\48_Chapters on Supplication.json...
2025-04-13 11:06:45,711 - __main__ - INFO - Data saved to ./Hadith/sunnah_dot_com_data\tirmidhi\48_Chapters on Supplication.json.
2025-04-13 11:07:49,329 - __main__ - INFO - Saving data to ./Hadith/sunnah_dot_com_data\tirmidhi\49_Chapters on Virtues.json...
2025-04-13 11:07:49,362 - __main__ - INFO - Data saved to ./Hadith/sunnah_dot_com_data\tirmidhi\49_Chapters on Virtues.json.
2025-04-13 11:07:49,364 - __main__ - INFO - Finished scraping tirmidhi.
2025-04-13 11:07:49,368 - __main__ - INFO - Scraping collection: ibnmajah...
2025-04-13 11:07:49,523 - __main__ - INFO - Extracting book data from website...
2025-04-13 11:07:49,544 - __main__ - INFO - 38 books extracted.
2025-04-13 11:07:49,928 - __main__ - INFO - Saving data to ./Hadith/sunnah_dot_com_data\ibnmajah\00_The Book of the Sunnah.json...
2025-04-13 11:07:49,929 - __main__ - INFO - Data saved to ./Hadith/sunnah_dot_com_data\ibnmajah\00_The Book of the Sunnah.json.
2025-04-13 11:09:06,271 - __main__ - INFO - Saving data to ./Hadith/sunnah_dot_com_data\ibnmajah\01_The Book of Purification and its Sunnah.json...
2025-04-13 11:09:06,305 - __main__ - INFO - Data saved to ./Hadith/sunnah_dot_com_data\ibnmajah\01_The Book of Purification and its Sunnah.json.
2025-04-13 11:09:14,137 - __main__ - INFO - Saving data to ./Hadith/sunnah_dot_com_data\ibnmajah\02_The Book of the Prayer.json...
2025-04-13 11:09:14,143 - __main__ - INFO - Data saved to ./Hadith/sunnah_dot_com_data\ibnmajah\02_The Book of the Prayer.json.
2025-04-13 11:09:19,562 - __main__ - INFO - Saving data to ./Hadith/sunnah_dot_com_data\ibnmajah\03_The Book of the Adhan and the Sunnah Regarding It.json...
2025-04-13 11:09:19,566 - __main__ - INFO - Data saved to ./Hadith/sunnah_dot_com_data\ibnmajah\03_The Book of the Adhan and the Sunnah Regarding It.json.
2025-04-13 11:09:32,863 - __main__ - INFO - Saving data to ./Hadith/sunnah_dot_com_data\ibnmajah\04_The Book On The Mosques And The Congregations.json...
2025-04-13 11:09:32,871 - __main__ - INFO - Data saved to ./Hadith/sunnah_dot_com_data\ibnmajah\04_The Book On The Mosques And The Congregations.json.
2025-04-13 11:11:30,316 - __main__ - INFO - Saving data to ./Hadith/sunnah_dot_com_data\ibnmajah\05_Establishing the Prayer and the Sunnah Regarding Them.json...
2025-04-13 11:11:30,385 - __main__ - INFO - Data saved to ./Hadith/sunnah_dot_com_data\ibnmajah\05_Establishing the Prayer and the Sunnah Regarding Them.json.
2025-04-13 11:12:08,804 - __main__ - INFO - Saving data to ./Hadith/sunnah_dot_com_data\ibnmajah\06_Chapters Regarding Funerals.json...
2025-04-13 11:12:08,829 - __main__ - INFO - Data saved to ./Hadith/sunnah_dot_com_data\ibnmajah\06_Chapters Regarding Funerals.json.
2025-04-13 11:12:36,915 - __main__ - INFO - Saving data to ./Hadith/sunnah_dot_com_data\ibnmajah\07_Fasting.json...
2025-04-13 11:12:36,935 - __main__ - INFO - Data saved to ./Hadith/sunnah_dot_com_data\ibnmajah\07_Fasting.json.
2025-04-13 11:12:49,117 - __main__ - INFO - Saving data to ./Hadith/sunnah_dot_com_data\ibnmajah\08_The Chapters Regarding Zakat.json...
2025-04-13 11:12:49,124 - __main__ - INFO - Data saved to ./Hadith/sunnah_dot_com_data\ibnmajah\08_The Chapters Regarding Zakat.json.
2025-04-13 11:13:20,758 - __main__ - INFO - Saving data to ./Hadith/sunnah_dot_com_data\ibnmajah\09_The Chapters on Marriage.json...
2025-04-13 11:13:20,775 - __main__ - INFO - Data saved to ./Hadith/sunnah_dot_com_data\ibnmajah\09_The Chapters on Marriage.json.
2025-04-13 11:13:33,824 - __main__ - INFO - Saving data to ./Hadith/sunnah_dot_com_data\ibnmajah\10_The Chapters on Divorce.json...
2025-04-13 11:13:33,832 - __main__ - INFO - Data saved to ./Hadith/sunnah_dot_com_data\ibnmajah\10_The Chapters on Divorce.json.
2025-04-13 11:13:43,450 - __main__ - INFO - Saving data to ./Hadith/sunnah_dot_com_data\ibnmajah\11_The Chapters on Expiation.json...
2025-04-13 11:13:43,457 - __main__ - INFO - Data saved to ./Hadith/sunnah_dot_com_data\ibnmajah\11_The Chapters on Expiation.json.
2025-04-13 11:14:16,408 - __main__ - INFO - Saving data to ./Hadith/sunnah_dot_com_data\ibnmajah\12_The Chapters on Business Transactions.json...
2025-04-13 11:14:16,427 - __main__ - INFO - Data saved to ./Hadith/sunnah_dot_com_data\ibnmajah\12_The Chapters on Business Transactions.json.
2025-04-13 11:14:29,568 - __main__ - INFO - Saving data to ./Hadith/sunnah_dot_com_data\ibnmajah\13_The Chapters on Rulings.json...
2025-04-13 11:14:29,578 - __main__ - INFO - Data saved to ./Hadith/sunnah_dot_com_data\ibnmajah\13_The Chapters on Rulings.json.
2025-04-13 11:14:32,722 - __main__ - INFO - Saving data to ./Hadith/sunnah_dot_com_data\ibnmajah\14_The Chapters on Gifts.json...
2025-04-13 11:14:32,726 - __main__ - INFO - Data saved to ./Hadith/sunnah_dot_com_data\ibnmajah\14_The Chapters on Gifts.json.
2025-04-13 11:14:41,569 - __main__ - INFO - Saving data to ./Hadith/sunnah_dot_com_data\ibnmajah\15_The Chapters on Charity.json...
2025-04-13 11:14:41,575 - __main__ - INFO - Data saved to ./Hadith/sunnah_dot_com_data\ibnmajah\15_The Chapters on Charity.json.
2025-04-13 11:14:52,280 - __main__ - INFO - Saving data to ./Hadith/sunnah_dot_com_data\ibnmajah\16_The Chapters on Pawning.json...
2025-04-13 11:14:52,287 - __main__ - INFO - Data saved to ./Hadith/sunnah_dot_com_data\ibnmajah\16_The Chapters on Pawning.json.
2025-04-13 11:14:54,752 - __main__ - INFO - Saving data to ./Hadith/sunnah_dot_com_data\ibnmajah\17_The Chapters on Pre-emption.json...
2025-04-13 11:14:54,755 - __main__ - INFO - Data saved to ./Hadith/sunnah_dot_com_data\ibnmajah\17_The Chapters on Pre-emption.json.
2025-04-13 11:14:56,902 - __main__ - INFO - Saving data to ./Hadith/sunnah_dot_com_data\ibnmajah\18_The Chapters on Lost Property.json...
2025-04-13 11:14:56,904 - __main__ - INFO - Data saved to ./Hadith/sunnah_dot_com_data\ibnmajah\18_The Chapters on Lost Property.json.
2025-04-13 11:15:01,692 - __main__ - INFO - Saving data to ./Hadith/sunnah_dot_com_data\ibnmajah\19_The Chapters on Manumission (of Slaves).json...
2025-04-13 11:15:01,696 - __main__ - INFO - Data saved to ./Hadith/sunnah_dot_com_data\ibnmajah\19_The Chapters on Manumission (of Slaves).json.
2025-04-13 11:15:18,239 - __main__ - INFO - Saving data to ./Hadith/sunnah_dot_com_data\ibnmajah\20_The Chapters on Legal Punishments.json...
2025-04-13 11:15:18,249 - __main__ - INFO - Data saved to ./Hadith/sunnah_dot_com_data\ibnmajah\20_The Chapters on Legal Punishments.json.
2025-04-13 11:15:33,330 - __main__ - INFO - Saving data to ./Hadith/sunnah_dot_com_data\ibnmajah\21_The Chapters on Blood Money.json...
2025-04-13 11:15:33,339 - __main__ - INFO - Data saved to ./Hadith/sunnah_dot_com_data\ibnmajah\21_The Chapters on Blood Money.json.
2025-04-13 11:15:39,180 - __main__ - INFO - Saving data to ./Hadith/sunnah_dot_com_data\ibnmajah\22_The Chapters on Wills.json...
2025-04-13 11:15:39,184 - __main__ - INFO - Data saved to ./Hadith/sunnah_dot_com_data\ibnmajah\22_The Chapters on Wills.json.
2025-04-13 11:15:46,223 - __main__ - INFO - Saving data to ./Hadith/sunnah_dot_com_data\ibnmajah\23_Chapters on Shares of Inheritance.json...
2025-04-13 11:15:46,228 - __main__ - INFO - Data saved to ./Hadith/sunnah_dot_com_data\ibnmajah\23_Chapters on Shares of Inheritance.json.
2025-04-13 11:16:11,537 - __main__ - INFO - Saving data to ./Hadith/sunnah_dot_com_data\ibnmajah\24_The Chapters on Jihad.json...
2025-04-13 11:16:11,559 - __main__ - INFO - Data saved to ./Hadith/sunnah_dot_com_data\ibnmajah\24_The Chapters on Jihad.json.
2025-04-13 11:16:56,276 - __main__ - INFO - Saving data to ./Hadith/sunnah_dot_com_data\ibnmajah\25_Chapters onHajjRituals.json...
2025-04-13 11:16:56,298 - __main__ - INFO - Data saved to ./Hadith/sunnah_dot_com_data\ibnmajah\25_Chapters onHajjRituals.json.
2025-04-13 11:17:05,570 - __main__ - INFO - Saving data to ./Hadith/sunnah_dot_com_data\ibnmajah\26_Chapters on Sacrifices.json...
2025-04-13 11:17:05,576 - __main__ - INFO - Data saved to ./Hadith/sunnah_dot_com_data\ibnmajah\26_Chapters on Sacrifices.json.
2025-04-13 11:17:13,521 - __main__ - INFO - Saving data to ./Hadith/sunnah_dot_com_data\ibnmajah\27_Chapters on Slaughtering.json...
2025-04-13 11:17:13,527 - __main__ - INFO - Data saved to ./Hadith/sunnah_dot_com_data\ibnmajah\27_Chapters on Slaughtering.json.
2025-04-13 11:17:24,076 - __main__ - INFO - Saving data to ./Hadith/sunnah_dot_com_data\ibnmajah\28_Chapters on Hunting.json...
2025-04-13 11:17:24,081 - __main__ - INFO - Data saved to ./Hadith/sunnah_dot_com_data\ibnmajah\28_Chapters on Hunting.json.
2025-04-13 11:17:47,792 - __main__ - INFO - Saving data to ./Hadith/sunnah_dot_com_data\ibnmajah\29_Chapters on Food.json...
2025-04-13 11:17:47,803 - __main__ - INFO - Data saved to ./Hadith/sunnah_dot_com_data\ibnmajah\29_Chapters on Food.json.
2025-04-13 11:17:59,738 - __main__ - INFO - Saving data to ./Hadith/sunnah_dot_com_data\ibnmajah\30_Chapters on Drinks.json...
2025-04-13 11:17:59,745 - __main__ - INFO - Data saved to ./Hadith/sunnah_dot_com_data\ibnmajah\30_Chapters on Drinks.json.
2025-04-13 11:18:21,008 - __main__ - INFO - Saving data to ./Hadith/sunnah_dot_com_data\ibnmajah\31_Chapters on Medicine.json...
2025-04-13 11:18:21,020 - __main__ - INFO - Data saved to ./Hadith/sunnah_dot_com_data\ibnmajah\31_Chapters on Medicine.json.
2025-04-13 11:18:42,155 - __main__ - INFO - Saving data to ./Hadith/sunnah_dot_com_data\ibnmajah\32_Chapters on Dress.json...
2025-04-13 11:18:42,167 - __main__ - INFO - Data saved to ./Hadith/sunnah_dot_com_data\ibnmajah\32_Chapters on Dress.json.
2025-04-13 11:19:13,346 - __main__ - INFO - Saving data to ./Hadith/sunnah_dot_com_data\ibnmajah\33_Etiquette.json...
2025-04-13 11:19:13,362 - __main__ - INFO - Data saved to ./Hadith/sunnah_dot_com_data\ibnmajah\33_Etiquette.json.
2025-04-13 11:19:25,240 - __main__ - INFO - Saving data to ./Hadith/sunnah_dot_com_data\ibnmajah\34_Supplication.json...
2025-04-13 11:19:25,247 - __main__ - INFO - Data saved to ./Hadith/sunnah_dot_com_data\ibnmajah\34_Supplication.json.
2025-04-13 11:19:31,784 - __main__ - INFO - Saving data to ./Hadith/sunnah_dot_com_data\ibnmajah\35_Interpretation of Dreams.json...
2025-04-13 11:19:31,789 - __main__ - INFO - Data saved to ./Hadith/sunnah_dot_com_data\ibnmajah\35_Interpretation of Dreams.json.
2025-04-13 11:20:00,077 - __main__ - INFO - Saving data to ./Hadith/sunnah_dot_com_data\ibnmajah\36_Tribulations.json...
2025-04-13 11:20:00,093 - __main__ - INFO - Data saved to ./Hadith/sunnah_dot_com_data\ibnmajah\36_Tribulations.json.
2025-04-13 11:20:45,981 - __main__ - INFO - Saving data to ./Hadith/sunnah_dot_com_data\ibnmajah\37_Zuhd.json...
2025-04-13 11:20:46,006 - __main__ - INFO - Data saved to ./Hadith/sunnah_dot_com_data\ibnmajah\37_Zuhd.json.
2025-04-13 11:20:46,008 - __main__ - INFO - Finished scraping ibnmajah.
2025-04-13 11:20:46,013 - __main__ - INFO - Scraping collection: malik...
2025-04-13 11:20:46,169 - __main__ - INFO - Extracting book data from website...
2025-04-13 11:20:46,200 - __main__ - INFO - 61 books extracted.
2025-04-13 11:20:51,089 - __main__ - INFO - Saving data to ./Hadith/sunnah_dot_com_data\malik\01_The Times of Prayer.json...
2025-04-13 11:20:51,093 - __main__ - INFO - Data saved to ./Hadith/sunnah_dot_com_data\malik\01_The Times of Prayer.json.
2025-04-13 11:21:09,943 - __main__ - INFO - Saving data to ./Hadith/sunnah_dot_com_data\malik\02_Purity.json...
2025-04-13 11:21:09,956 - __main__ - INFO - Data saved to ./Hadith/sunnah_dot_com_data\malik\02_Purity.json.
2025-04-13 11:21:21,732 - __main__ - INFO - Saving data to ./Hadith/sunnah_dot_com_data\malik\03_Prayer.json...
2025-04-13 11:21:21,740 - __main__ - INFO - Data saved to ./Hadith/sunnah_dot_com_data\malik\03_Prayer.json.
2025-04-13 11:21:22,356 - __main__ - INFO - Saving data to ./Hadith/sunnah_dot_com_data\malik\04_Forgetfulness in Prayer.json...
2025-04-13 11:21:22,358 - __main__ - INFO - Data saved to ./Hadith/sunnah_dot_com_data\malik\04_Forgetfulness in Prayer.json.
2025-04-13 11:21:25,870 - __main__ - INFO - Saving data to ./Hadith/sunnah_dot_com_data\malik\05_Jumu'a.json...
2025-04-13 11:21:25,874 - __main__ - INFO - Data saved to ./Hadith/sunnah_dot_com_data\malik\05_Jumu'a.json.
2025-04-13 11:21:27,194 - __main__ - INFO - Saving data to ./Hadith/sunnah_dot_com_data\malik\06_Prayer in Ramadan.json...
2025-04-13 11:21:27,196 - __main__ - INFO - Data saved to ./Hadith/sunnah_dot_com_data\malik\06_Prayer in Ramadan.json.
2025-04-13 11:21:32,345 - __main__ - INFO - Saving data to ./Hadith/sunnah_dot_com_data\malik\07_Tahajjud.json...
2025-04-13 11:21:32,348 - __main__ - INFO - Data saved to ./Hadith/sunnah_dot_com_data\malik\07_Tahajjud.json.
2025-04-13 11:21:38,587 - __main__ - INFO - Saving data to ./Hadith/sunnah_dot_com_data\malik\08_Prayer in Congregation.json...
2025-04-13 11:21:38,591 - __main__ - INFO - Data saved to ./Hadith/sunnah_dot_com_data\malik\08_Prayer in Congregation.json.
2025-04-13 11:21:54,744 - __main__ - INFO - Saving data to ./Hadith/sunnah_dot_com_data\malik\09_Shortening the Prayer.json...
2025-04-13 11:21:54,756 - __main__ - INFO - Data saved to ./Hadith/sunnah_dot_com_data\malik\09_Shortening the Prayer.json.
2025-04-13 11:21:57,098 - __main__ - INFO - Saving data to ./Hadith/sunnah_dot_com_data\malik\10_The Two 'Ids.json...
2025-04-13 11:21:57,101 - __main__ - INFO - Data saved to ./Hadith/sunnah_dot_com_data\malik\10_The Two 'Ids.json.
2025-04-13 11:21:58,030 - __main__ - INFO - Saving data to ./Hadith/sunnah_dot_com_data\malik\11_The Fear Prayer.json...
2025-04-13 11:21:58,032 - __main__ - INFO - Data saved to ./Hadith/sunnah_dot_com_data\malik\11_The Fear Prayer.json.
2025-04-13 11:21:58,757 - __main__ - INFO - Saving data to ./Hadith/sunnah_dot_com_data\malik\12_The Eclipse Prayer.json...
2025-04-13 11:21:58,759 - __main__ - INFO - Data saved to ./Hadith/sunnah_dot_com_data\malik\12_The Eclipse Prayer.json.
2025-04-13 11:21:59,761 - __main__ - INFO - Saving data to ./Hadith/sunnah_dot_com_data\malik\13_Asking for Rain.json...
2025-04-13 11:21:59,763 - __main__ - INFO - Data saved to ./Hadith/sunnah_dot_com_data\malik\13_Asking for Rain.json.
2025-04-13 11:22:02,764 - __main__ - INFO - Saving data to ./Hadith/sunnah_dot_com_data\malik\14_The Qibla.json...
2025-04-13 11:22:02,766 - __main__ - INFO - Data saved to ./Hadith/sunnah_dot_com_data\malik\14_The Qibla.json.
2025-04-13 11:22:10,830 - __main__ - INFO - Saving data to ./Hadith/sunnah_dot_com_data\malik\15_The Qur'an.json...
2025-04-13 11:22:10,837 - __main__ - INFO - Data saved to ./Hadith/sunnah_dot_com_data\malik\15_The Qur'an.json.
2025-04-13 11:22:20,002 - __main__ - INFO - Saving data to ./Hadith/sunnah_dot_com_data\malik\16_Burials.json...
2025-04-13 11:22:20,008 - __main__ - INFO - Data saved to ./Hadith/sunnah_dot_com_data\malik\16_Burials.json.
2025-04-13 11:22:29,733 - __main__ - INFO - Saving data to ./Hadith/sunnah_dot_com_data\malik\17_Zakat.json...
2025-04-13 11:22:29,741 - __main__ - INFO - Data saved to ./Hadith/sunnah_dot_com_data\malik\17_Zakat.json.
2025-04-13 11:22:39,682 - __main__ - INFO - Saving data to ./Hadith/sunnah_dot_com_data\malik\18_Fasting.json...
2025-04-13 11:22:39,691 - __main__ - INFO - Data saved to ./Hadith/sunnah_dot_com_data\malik\18_Fasting.json.
2025-04-13 11:22:42,567 - __main__ - INFO - Saving data to ./Hadith/sunnah_dot_com_data\malik\19_I'tikaf in Ramadan.json...
2025-04-13 11:22:42,571 - __main__ - INFO - Data saved to ./Hadith/sunnah_dot_com_data\malik\19_I'tikaf in Ramadan.json.
2025-04-13 11:23:25,361 - __main__ - INFO - Saving data to ./Hadith/sunnah_dot_com_data\malik\20_Hajj.json...
2025-04-13 11:23:25,388 - __main__ - INFO - Data saved to ./Hadith/sunnah_dot_com_data\malik\20_Hajj.json.
2025-04-13 11:23:33,847 - __main__ - INFO - Saving data to ./Hadith/sunnah_dot_com_data\malik\21_Jihad.json...
2025-04-13 11:23:33,854 - __main__ - INFO - Data saved to ./Hadith/sunnah_dot_com_data\malik\21_Jihad.json.
2025-04-13 11:23:36,991 - __main__ - INFO - Saving data to ./Hadith/sunnah_dot_com_data\malik\22_Vows and Oaths.json...
2025-04-13 11:23:36,994 - __main__ - INFO - Data saved to ./Hadith/sunnah_dot_com_data\malik\22_Vows and Oaths.json.
2025-04-13 11:23:39,070 - __main__ - INFO - Saving data to ./Hadith/sunnah_dot_com_data\malik\23_Sacrificial Animals.json...
2025-04-13 11:23:39,073 - __main__ - INFO - Data saved to ./Hadith/sunnah_dot_com_data\malik\23_Sacrificial Animals.json.
2025-04-13 11:23:40,776 - __main__ - INFO - Saving data to ./Hadith/sunnah_dot_com_data\malik\24_Slaughtering Animals.json...
2025-04-13 11:23:40,778 - __main__ - INFO - Data saved to ./Hadith/sunnah_dot_com_data\malik\24_Slaughtering Animals.json.
2025-04-13 11:23:43,740 - __main__ - INFO - Saving data to ./Hadith/sunnah_dot_com_data\malik\25_Game.json...
2025-04-13 11:23:43,743 - __main__ - INFO - Data saved to ./Hadith/sunnah_dot_com_data\malik\25_Game.json.
2025-04-13 11:23:44,854 - __main__ - INFO - Saving data to ./Hadith/sunnah_dot_com_data\malik\26_The 'Aqiqa.json...
2025-04-13 11:23:44,856 - __main__ - INFO - Data saved to ./Hadith/sunnah_dot_com_data\malik\26_The 'Aqiqa.json.
2025-04-13 11:23:48,428 - __main__ - INFO - Saving data to ./Hadith/sunnah_dot_com_data\malik\27_Fara'id.json...
2025-04-13 11:23:48,431 - __main__ - INFO - Data saved to ./Hadith/sunnah_dot_com_data\malik\27_Fara'id.json.
2025-04-13 11:23:57,610 - __main__ - INFO - Saving data to ./Hadith/sunnah_dot_com_data\malik\28_Marriage.json...
2025-04-13 11:23:57,617 - __main__ - INFO - Data saved to ./Hadith/sunnah_dot_com_data\malik\28_Marriage.json.
2025-04-13 11:24:16,987 - __main__ - INFO - Saving data to ./Hadith/sunnah_dot_com_data\malik\29_Divorce.json...
2025-04-13 11:24:17,002 - __main__ - INFO - Data saved to ./Hadith/sunnah_dot_com_data\malik\29_Divorce.json.
2025-04-13 11:24:20,027 - __main__ - INFO - Saving data to ./Hadith/sunnah_dot_com_data\malik\30_Suckling.json...
2025-04-13 11:24:20,029 - __main__ - INFO - Data saved to ./Hadith/sunnah_dot_com_data\malik\30_Suckling.json.
2025-04-13 11:24:35,559 - __main__ - INFO - Saving data to ./Hadith/sunnah_dot_com_data\malik\31_Business Transactions.json...
2025-04-13 11:24:35,570 - __main__ - INFO - Data saved to ./Hadith/sunnah_dot_com_data\malik\31_Business Transactions.json.
2025-04-13 11:24:38,086 - __main__ - INFO - Saving data to ./Hadith/sunnah_dot_com_data\malik\32_Qirad.json...
2025-04-13 11:24:38,090 - __main__ - INFO - Data saved to ./Hadith/sunnah_dot_com_data\malik\32_Qirad.json.
2025-04-13 11:24:38,713 - __main__ - INFO - Saving data to ./Hadith/sunnah_dot_com_data\malik\33_Sharecropping.json...
2025-04-13 11:24:38,715 - __main__ - INFO - Data saved to ./Hadith/sunnah_dot_com_data\malik\33_Sharecropping.json.
2025-04-13 11:24:40,686 - __main__ - INFO - Saving data to ./Hadith/sunnah_dot_com_data\malik\34_Renting Land.json...
2025-04-13 11:24:40,688 - __main__ - INFO - Data saved to ./Hadith/sunnah_dot_com_data\malik\34_Renting Land.json.
2025-04-13 11:24:41,620 - __main__ - INFO - Saving data to ./Hadith/sunnah_dot_com_data\malik\35_Pre-emption in Property.json...
2025-04-13 11:24:41,622 - __main__ - INFO - Data saved to ./Hadith/sunnah_dot_com_data\malik\35_Pre-emption in Property.json.
2025-04-13 11:24:52,679 - __main__ - INFO - Saving data to ./Hadith/sunnah_dot_com_data\malik\36_Judgements.json...
2025-04-13 11:24:52,687 - __main__ - INFO - Data saved to ./Hadith/sunnah_dot_com_data\malik\36_Judgements.json.
2025-04-13 11:24:54,664 - __main__ - INFO - Saving data to ./Hadith/sunnah_dot_com_data\malik\37_Wills and Testaments.json...
2025-04-13 11:24:54,667 - __main__ - INFO - Data saved to ./Hadith/sunnah_dot_com_data\malik\37_Wills and Testaments.json.
2025-04-13 11:24:59,104 - __main__ - INFO - Saving data to ./Hadith/sunnah_dot_com_data\malik\38_Setting Free and Wala'.json...
2025-04-13 11:24:59,108 - __main__ - INFO - Data saved to ./Hadith/sunnah_dot_com_data\malik\38_Setting Free and Wala'.json.
2025-04-13 11:25:01,481 - __main__ - INFO - Saving data to ./Hadith/sunnah_dot_com_data\malik\39_The Mukatab.json...
2025-04-13 11:25:01,484 - __main__ - INFO - Data saved to ./Hadith/sunnah_dot_com_data\malik\39_The Mukatab.json.
2025-04-13 11:25:02,789 - __main__ - INFO - Saving data to ./Hadith/sunnah_dot_com_data\malik\40_The Mudabbar.json...
2025-04-13 11:25:02,791 - __main__ - INFO - Data saved to ./Hadith/sunnah_dot_com_data\malik\40_The Mudabbar.json.
2025-04-13 11:25:08,558 - __main__ - INFO - Saving data to ./Hadith/sunnah_dot_com_data\malik\41_Hudud.json...
2025-04-13 11:25:08,564 - __main__ - INFO - Data saved to ./Hadith/sunnah_dot_com_data\malik\41_Hudud.json.
2025-04-13 11:25:11,542 - __main__ - INFO - Saving data to ./Hadith/sunnah_dot_com_data\malik\42_Drinks.json...
2025-04-13 11:25:11,545 - __main__ - INFO - Data saved to ./Hadith/sunnah_dot_com_data\malik\42_Drinks.json.
2025-04-13 11:25:18,604 - __main__ - INFO - Saving data to ./Hadith/sunnah_dot_com_data\malik\43_Blood-Money.json...
2025-04-13 11:25:18,609 - __main__ - INFO - Data saved to ./Hadith/sunnah_dot_com_data\malik\43_Blood-Money.json.
2025-04-13 11:25:19,564 - __main__ - INFO - Saving data to ./Hadith/sunnah_dot_com_data\malik\44_The Oath of Qasama.json...
2025-04-13 11:25:19,567 - __main__ - INFO - Data saved to ./Hadith/sunnah_dot_com_data\malik\44_The Oath of Qasama.json.
2025-04-13 11:25:23,527 - __main__ - INFO - Saving data to ./Hadith/sunnah_dot_com_data\malik\45_Madina.json...
2025-04-13 11:25:23,531 - __main__ - INFO - Data saved to ./Hadith/sunnah_dot_com_data\malik\45_Madina.json.
2025-04-13 11:25:25,189 - __main__ - INFO - Saving data to ./Hadith/sunnah_dot_com_data\malik\46_The Decree.json...
2025-04-13 11:25:25,191 - __main__ - INFO - Data saved to ./Hadith/sunnah_dot_com_data\malik\46_The Decree.json.
2025-04-13 11:25:28,211 - __main__ - INFO - Saving data to ./Hadith/sunnah_dot_com_data\malik\47_Good Character.json...
2025-04-13 11:25:28,214 - __main__ - INFO - Data saved to ./Hadith/sunnah_dot_com_data\malik\47_Good Character.json.
2025-04-13 11:25:31,458 - __main__ - INFO - Saving data to ./Hadith/sunnah_dot_com_data\malik\48_Dress.json...
2025-04-13 11:25:31,461 - __main__ - INFO - Data saved to ./Hadith/sunnah_dot_com_data\malik\48_Dress.json.
2025-04-13 11:25:38,086 - __main__ - INFO - Saving data to ./Hadith/sunnah_dot_com_data\malik\49_The Description of the Prophet, may Allah Bless Him and Grant Him Peace.json...
2025-04-13 11:25:38,091 - __main__ - INFO - Data saved to ./Hadith/sunnah_dot_com_data\malik\49_The Description of the Prophet, may Allah Bless Him and Grant Him Peace.json.
2025-04-13 11:25:41,157 - __main__ - INFO - Saving data to ./Hadith/sunnah_dot_com_data\malik\50_The Evil Eye.json...
2025-04-13 11:25:41,162 - __main__ - INFO - Data saved to ./Hadith/sunnah_dot_com_data\malik\50_The Evil Eye.json.
2025-04-13 11:25:43,903 - __main__ - INFO - Saving data to ./Hadith/sunnah_dot_com_data\malik\51_Hair.json...
2025-04-13 11:25:43,906 - __main__ - INFO - Data saved to ./Hadith/sunnah_dot_com_data\malik\51_Hair.json.
2025-04-13 11:25:45,283 - __main__ - INFO - Saving data to ./Hadith/sunnah_dot_com_data\malik\52_Visions.json...
2025-04-13 11:25:45,285 - __main__ - INFO - Data saved to ./Hadith/sunnah_dot_com_data\malik\52_Visions.json.
2025-04-13 11:25:46,596 - __main__ - INFO - Saving data to ./Hadith/sunnah_dot_com_data\malik\53_Greetings.json...
2025-04-13 11:25:46,598 - __main__ - INFO - Data saved to ./Hadith/sunnah_dot_com_data\malik\53_Greetings.json.
2025-04-13 11:25:53,452 - __main__ - INFO - Saving data to ./Hadith/sunnah_dot_com_data\malik\54_General Subjects.json...
2025-04-13 11:25:53,458 - __main__ - INFO - Data saved to ./Hadith/sunnah_dot_com_data\malik\54_General Subjects.json.
2025-04-13 11:25:54,075 - __main__ - INFO - Saving data to ./Hadith/sunnah_dot_com_data\malik\55_The Oath of Allegiance.json...
2025-04-13 11:25:54,076 - __main__ - INFO - Data saved to ./Hadith/sunnah_dot_com_data\malik\55_The Oath of Allegiance.json.
2025-04-13 11:25:59,030 - __main__ - INFO - Saving data to ./Hadith/sunnah_dot_com_data\malik\56_Speech.json...
2025-04-13 11:25:59,034 - __main__ - INFO - Data saved to ./Hadith/sunnah_dot_com_data\malik\56_Speech.json.
2025-04-13 11:25:59,452 - __main__ - INFO - Saving data to ./Hadith/sunnah_dot_com_data\malik\57_Jahannam.json...
2025-04-13 11:25:59,454 - __main__ - INFO - Data saved to ./Hadith/sunnah_dot_com_data\malik\57_Jahannam.json.
2025-04-13 11:26:02,538 - __main__ - INFO - Saving data to ./Hadith/sunnah_dot_com_data\malik\58_Sadaqa.json...
2025-04-13 11:26:02,540 - __main__ - INFO - Data saved to ./Hadith/sunnah_dot_com_data\malik\58_Sadaqa.json.
2025-04-13 11:26:02,842 - __main__ - INFO - Saving data to ./Hadith/sunnah_dot_com_data\malik\59_Knowledge.json...
2025-04-13 11:26:02,843 - __main__ - INFO - Data saved to ./Hadith/sunnah_dot_com_data\malik\59_Knowledge.json.
2025-04-13 11:26:03,203 - __main__ - INFO - Saving data to ./Hadith/sunnah_dot_com_data\malik\60_The Supplication of the Unjustly Wronged.json...
2025-04-13 11:26:03,204 - __main__ - INFO - Data saved to ./Hadith/sunnah_dot_com_data\malik\60_The Supplication of the Unjustly Wronged.json.
2025-04-13 11:26:03,520 - __main__ - INFO - Saving data to ./Hadith/sunnah_dot_com_data\malik\61_The Names of the Prophet, may Allah Bless Him and Grant Him Peace.json...
2025-04-13 11:26:03,521 - __main__ - INFO - Data saved to ./Hadith/sunnah_dot_com_data\malik\61_The Names of the Prophet, may Allah Bless Him and Grant Him Peace.json.
2025-04-13 11:26:03,522 - __main__ - INFO - Finished scraping malik.
2025-04-13 11:26:03,526 - __main__ - INFO - Scraping collection: ahmad...
2025-04-13 11:26:03,658 - __main__ - INFO - Extracting book data from website...
2025-04-13 11:26:03,664 - __main__ - INFO - 8 books extracted.
2025-04-13 11:26:15,864 - __main__ - INFO - Saving data to ./Hadith/sunnah_dot_com_data\ahmad\01_Musnad Abu Bakr as-Siddiq (ra).json...
2025-04-13 11:26:15,875 - __main__ - INFO - Data saved to ./Hadith/sunnah_dot_com_data\ahmad\01_Musnad Abu Bakr as-Siddiq (ra).json.
2025-04-13 11:27:04,441 - __main__ - INFO - Saving data to ./Hadith/sunnah_dot_com_data\ahmad\02_Musnad `Umar b. al-Khattab (ra).json...
2025-04-13 11:27:04,472 - __main__ - INFO - Data saved to ./Hadith/sunnah_dot_com_data\ahmad\02_Musnad `Umar b. al-Khattab (ra).json.
2025-04-13 11:27:06,128 - __main__ - INFO - Saving data to ./Hadith/sunnah_dot_com_data\ahmad\03_The Hadeeth of Saqeefah.json...
2025-04-13 11:27:06,131 - __main__ - INFO - Data saved to ./Hadith/sunnah_dot_com_data\ahmad\03_The Hadeeth of Saqeefah.json.
2025-04-13 11:27:29,991 - __main__ - INFO - Saving data to ./Hadith/sunnah_dot_com_data\ahmad\04_Musnad Uthman ibn Affan.json...
2025-04-13 11:27:30,009 - __main__ - INFO - Data saved to ./Hadith/sunnah_dot_com_data\ahmad\04_Musnad Uthman ibn Affan.json.
2025-04-13 11:29:36,339 - __main__ - INFO - Saving data to ./Hadith/sunnah_dot_com_data\ahmad\05_Musnad 'Ali Ibn Abi Talib.json...
2025-04-13 11:29:36,405 - __main__ - INFO - Data saved to ./Hadith/sunnah_dot_com_data\ahmad\05_Musnad 'Ali Ibn Abi Talib.json.
2025-04-13 11:29:40,085 - __main__ - INFO - Saving data to ./Hadith/sunnah_dot_com_data\ahmad\06_Musnad of Abu Muhammad Talhah bin 'Ubaidullah.json...
2025-04-13 11:29:40,088 - __main__ - INFO - Data saved to ./Hadith/sunnah_dot_com_data\ahmad\06_Musnad of Abu Muhammad Talhah bin 'Ubaidullah.json.
2025-04-13 11:29:45,813 - __main__ - INFO - Saving data to ./Hadith/sunnah_dot_com_data\ahmad\07_The Musnad of az-Zubair bin al-'Awwam.json...
2025-04-13 11:29:45,817 - __main__ - INFO - Data saved to ./Hadith/sunnah_dot_com_data\ahmad\07_The Musnad of az-Zubair bin al-'Awwam.json.
2025-04-13 11:29:48,283 - __main__ - INFO - Saving data to ./Hadith/sunnah_dot_com_data\ahmad\31_.json...
2025-04-13 11:29:48,286 - __main__ - INFO - Data saved to ./Hadith/sunnah_dot_com_data\ahmad\31_.json.
2025-04-13 11:29:48,287 - __main__ - INFO - Finished scraping ahmad.
2025-04-13 11:29:48,291 - __main__ - INFO - Scraping collection: darimi...
2025-04-13 11:29:48,430 - __main__ - INFO - Extracting book data from website...
2025-04-13 11:29:48,442 - __main__ - INFO - 24 books extracted.
2025-04-13 11:29:48,809 - __main__ - INFO - Saving data to ./Hadith/sunnah_dot_com_data\darimi\00_.json...
2025-04-13 11:29:48,811 - __main__ - INFO - Data saved to ./Hadith/sunnah_dot_com_data\darimi\00_.json.
2025-04-13 11:31:20,640 - __main__ - INFO - Saving data to ./Hadith/sunnah_dot_com_data\darimi\01_.json...
2025-04-13 11:31:20,686 - __main__ - INFO - Data saved to ./Hadith/sunnah_dot_com_data\darimi\01_.json.
2025-04-13 11:32:34,487 - __main__ - INFO - Saving data to ./Hadith/sunnah_dot_com_data\darimi\02_.json...
2025-04-13 11:32:34,526 - __main__ - INFO - Data saved to ./Hadith/sunnah_dot_com_data\darimi\02_.json.
2025-04-13 11:32:44,645 - __main__ - INFO - Saving data to ./Hadith/sunnah_dot_com_data\darimi\03_.json...
2025-04-13 11:32:44,652 - __main__ - INFO - Data saved to ./Hadith/sunnah_dot_com_data\darimi\03_.json.
2025-04-13 11:33:01,298 - __main__ - INFO - Saving data to ./Hadith/sunnah_dot_com_data\darimi\04_.json...
2025-04-13 11:33:01,307 - __main__ - INFO - Data saved to ./Hadith/sunnah_dot_com_data\darimi\04_.json.
2025-04-13 11:33:27,575 - __main__ - INFO - Saving data to ./Hadith/sunnah_dot_com_data\darimi\05_.json...
2025-04-13 11:33:27,591 - __main__ - INFO - Data saved to ./Hadith/sunnah_dot_com_data\darimi\05_.json.
2025-04-13 11:33:38,097 - __main__ - INFO - Saving data to ./Hadith/sunnah_dot_com_data\darimi\06_.json...
2025-04-13 11:33:38,103 - __main__ - INFO - Data saved to ./Hadith/sunnah_dot_com_data\darimi\06_.json.
2025-04-13 11:33:40,698 - __main__ - INFO - Saving data to ./Hadith/sunnah_dot_com_data\darimi\07_.json...
2025-04-13 11:33:40,701 - __main__ - INFO - Data saved to ./Hadith/sunnah_dot_com_data\darimi\07_.json.
2025-04-13 11:33:51,351 - __main__ - INFO - Saving data to ./Hadith/sunnah_dot_com_data\darimi\08_.json...
2025-04-13 11:33:51,358 - __main__ - INFO - Data saved to ./Hadith/sunnah_dot_com_data\darimi\08_.json.
2025-04-13 11:33:59,424 - __main__ - INFO - Saving data to ./Hadith/sunnah_dot_com_data\darimi\09_.json...
2025-04-13 11:33:59,430 - __main__ - INFO - Data saved to ./Hadith/sunnah_dot_com_data\darimi\09_.json.
2025-04-13 11:34:05,199 - __main__ - INFO - Saving data to ./Hadith/sunnah_dot_com_data\darimi\10_.json...
2025-04-13 11:34:05,203 - __main__ - INFO - Data saved to ./Hadith/sunnah_dot_com_data\darimi\10_.json.
2025-04-13 11:34:21,233 - __main__ - INFO - Saving data to ./Hadith/sunnah_dot_com_data\darimi\11_.json...
2025-04-13 11:34:21,242 - __main__ - INFO - Data saved to ./Hadith/sunnah_dot_com_data\darimi\11_.json.
2025-04-13 11:34:26,979 - __main__ - INFO - Saving data to ./Hadith/sunnah_dot_com_data\darimi\12_.json...
2025-04-13 11:34:26,983 - __main__ - INFO - Data saved to ./Hadith/sunnah_dot_com_data\darimi\12_.json.
2025-04-13 11:34:32,838 - __main__ - INFO - Saving data to ./Hadith/sunnah_dot_com_data\darimi\13_.json...
2025-04-13 11:34:32,843 - __main__ - INFO - Data saved to ./Hadith/sunnah_dot_com_data\darimi\13_.json.
2025-04-13 11:34:35,935 - __main__ - INFO - Saving data to ./Hadith/sunnah_dot_com_data\darimi\14_.json...
2025-04-13 11:34:35,938 - __main__ - INFO - Data saved to ./Hadith/sunnah_dot_com_data\darimi\14_.json.
2025-04-13 11:34:42,599 - __main__ - INFO - Saving data to ./Hadith/sunnah_dot_com_data\darimi\15_.json...
2025-04-13 11:34:42,604 - __main__ - INFO - Data saved to ./Hadith/sunnah_dot_com_data\darimi\15_.json.
2025-04-13 11:34:50,970 - __main__ - INFO - Saving data to ./Hadith/sunnah_dot_com_data\darimi\16_.json...
2025-04-13 11:34:50,977 - __main__ - INFO - Data saved to ./Hadith/sunnah_dot_com_data\darimi\16_.json.
2025-04-13 11:35:07,909 - __main__ - INFO - Saving data to ./Hadith/sunnah_dot_com_data\darimi\17_.json...
2025-04-13 11:35:07,918 - __main__ - INFO - Data saved to ./Hadith/sunnah_dot_com_data\darimi\17_.json.
2025-04-13 11:35:25,175 - __main__ - INFO - Saving data to ./Hadith/sunnah_dot_com_data\darimi\18_.json...
2025-04-13 11:35:25,185 - __main__ - INFO - Data saved to ./Hadith/sunnah_dot_com_data\darimi\18_.json.
2025-04-13 11:35:37,733 - __main__ - INFO - Saving data to ./Hadith/sunnah_dot_com_data\darimi\19_.json...
2025-04-13 11:35:37,740 - __main__ - INFO - Data saved to ./Hadith/sunnah_dot_com_data\darimi\19_.json.
2025-04-13 11:36:01,280 - __main__ - INFO - Saving data to ./Hadith/sunnah_dot_com_data\darimi\20_.json...
2025-04-13 11:36:01,294 - __main__ - INFO - Data saved to ./Hadith/sunnah_dot_com_data\darimi\20_.json.
2025-04-13 11:36:56,800 - __main__ - INFO - Saving data to ./Hadith/sunnah_dot_com_data\darimi\21_.json...
2025-04-13 11:36:56,829 - __main__ - INFO - Data saved to ./Hadith/sunnah_dot_com_data\darimi\21_.json.
2025-04-13 11:37:17,936 - __main__ - INFO - Saving data to ./Hadith/sunnah_dot_com_data\darimi\22_.json...
2025-04-13 11:37:17,947 - __main__ - INFO - Data saved to ./Hadith/sunnah_dot_com_data\darimi\22_.json.
2025-04-13 11:37:51,045 - __main__ - INFO - Saving data to ./Hadith/sunnah_dot_com_data\darimi\23_.json...
2025-04-13 11:37:51,062 - __main__ - INFO - Data saved to ./Hadith/sunnah_dot_com_data\darimi\23_.json.
2025-04-13 11:37:51,065 - __main__ - INFO - Finished scraping darimi.
2025-04-13 11:37:51,068 - __main__ - INFO - Scraping collection: nawawi40...
2025-04-13 11:37:51,334 - __main__ - INFO - Extracting book data from website...
2025-04-13 11:37:56,536 - __main__ - INFO - Saving data to ./Hadith/sunnah_dot_com_data\nawawi40\hadiths.json...
2025-04-13 11:37:56,542 - __main__ - INFO - Data saved to ./Hadith/sunnah_dot_com_data\nawawi40\hadiths.json.
2025-04-13 11:37:56,543 - __main__ - INFO - Finished scraping nawawi40.
2025-04-13 11:37:56,545 - __main__ - INFO - Scraping collection: riyadussalihin...
2025-04-13 11:37:56,682 - __main__ - INFO - Extracting book data from website...
2025-04-13 11:37:56,694 - __main__ - INFO - 20 books extracted.
2025-04-13 11:37:57,071 - __main__ - INFO - Saving data to ./Hadith/sunnah_dot_com_data\riyadussalihin\00_The Book of Miscellany.json...
2025-04-13 11:37:57,073 - __main__ - INFO - Data saved to ./Hadith/sunnah_dot_com_data\riyadussalihin\00_The Book of Miscellany.json.
2025-04-13 11:38:05,835 - __main__ - INFO - Saving data to ./Hadith/sunnah_dot_com_data\riyadussalihin\01_The Book of Good Manners.json...
2025-04-13 11:38:05,842 - __main__ - INFO - Data saved to ./Hadith/sunnah_dot_com_data\riyadussalihin\01_The Book of Good Manners.json.
2025-04-13 11:38:14,343 - __main__ - INFO - Saving data to ./Hadith/sunnah_dot_com_data\riyadussalihin\02_The Book About the Etiquette of Eating.json...
2025-04-13 11:38:14,349 - __main__ - INFO - Data saved to ./Hadith/sunnah_dot_com_data\riyadussalihin\02_The Book About the Etiquette of Eating.json.
2025-04-13 11:38:20,642 - __main__ - INFO - Saving data to ./Hadith/sunnah_dot_com_data\riyadussalihin\03_The Book of Dress.json...
2025-04-13 11:38:20,649 - __main__ - INFO - Data saved to ./Hadith/sunnah_dot_com_data\riyadussalihin\03_The Book of Dress.json.
2025-04-13 11:38:25,423 - __main__ - INFO - Saving data to ./Hadith/sunnah_dot_com_data\riyadussalihin\04_The Book of the Etiquette of Sleeping, Lying and Sitting etc.json...
2025-04-13 11:38:25,427 - __main__ - INFO - Data saved to ./Hadith/sunnah_dot_com_data\riyadussalihin\04_The Book of the Etiquette of Sleeping, Lying and Sitting etc.json.
2025-04-13 11:38:33,977 - __main__ - INFO - Saving data to ./Hadith/sunnah_dot_com_data\riyadussalihin\05_The Book of Greetings.json...
2025-04-13 11:38:33,983 - __main__ - INFO - Data saved to ./Hadith/sunnah_dot_com_data\riyadussalihin\05_The Book of Greetings.json.
2025-04-13 11:38:44,369 - __main__ - INFO - Saving data to ./Hadith/sunnah_dot_com_data\riyadussalihin\06_The Book of Visiting the Sick.json...
2025-04-13 11:38:44,377 - __main__ - INFO - Data saved to ./Hadith/sunnah_dot_com_data\riyadussalihin\06_The Book of Visiting the Sick.json.
2025-04-13 11:38:50,191 - __main__ - INFO - Saving data to ./Hadith/sunnah_dot_com_data\riyadussalihin\07_The Book of Etiquette of Traveling.json...
2025-04-13 11:38:50,197 - __main__ - INFO - Data saved to ./Hadith/sunnah_dot_com_data\riyadussalihin\07_The Book of Etiquette of Traveling.json.
2025-04-13 11:39:37,869 - __main__ - INFO - Saving data to ./Hadith/sunnah_dot_com_data\riyadussalihin\08_The Book of Virtues.json...
2025-04-13 11:39:37,896 - __main__ - INFO - Data saved to ./Hadith/sunnah_dot_com_data\riyadussalihin\08_The Book of Virtues.json.
2025-04-13 11:39:38,601 - __main__ - INFO - Saving data to ./Hadith/sunnah_dot_com_data\riyadussalihin\09_The Book of I'tikaf.json...
2025-04-13 11:39:38,602 - __main__ - INFO - Data saved to ./Hadith/sunnah_dot_com_data\riyadussalihin\09_The Book of I'tikaf.json.
2025-04-13 11:39:41,218 - __main__ - INFO - Saving data to ./Hadith/sunnah_dot_com_data\riyadussalihin\10_The Book of Hajj.json...
2025-04-13 11:39:41,221 - __main__ - INFO - Data saved to ./Hadith/sunnah_dot_com_data\riyadussalihin\10_The Book of Hajj.json.
2025-04-13 11:39:57,074 - __main__ - INFO - Saving data to ./Hadith/sunnah_dot_com_data\riyadussalihin\11_The Book of Jihad.json...
2025-04-13 11:39:57,091 - __main__ - INFO - Data saved to ./Hadith/sunnah_dot_com_data\riyadussalihin\11_The Book of Jihad.json.
2025-04-13 11:40:00,611 - __main__ - INFO - Saving data to ./Hadith/sunnah_dot_com_data\riyadussalihin\12_The Book of Knowledge.json...
2025-04-13 11:40:00,617 - __main__ - INFO - Data saved to ./Hadith/sunnah_dot_com_data\riyadussalihin\12_The Book of Knowledge.json.
2025-04-13 11:40:01,504 - __main__ - INFO - Saving data to ./Hadith/sunnah_dot_com_data\riyadussalihin\13_The Book of Praise and Gratitude to Allah.json...
2025-04-13 11:40:01,507 - __main__ - INFO - Data saved to ./Hadith/sunnah_dot_com_data\riyadussalihin\13_The Book of Praise and Gratitude to Allah.json.
2025-04-13 11:40:03,678 - __main__ - INFO - Saving data to ./Hadith/sunnah_dot_com_data\riyadussalihin\14_The Book of Supplicating Allah to Exalt the Mention of Allah's Messenger.json...
2025-04-13 11:40:03,683 - __main__ - INFO - Data saved to ./Hadith/sunnah_dot_com_data\riyadussalihin\14_The Book of Supplicating Allah to Exalt the Mention of Allah's Messenger.json.
2025-04-13 11:40:13,632 - __main__ - INFO - Saving data to ./Hadith/sunnah_dot_com_data\riyadussalihin\15_The Book of the Remembrance of Allah.json...
2025-04-13 11:40:13,646 - __main__ - INFO - Data saved to ./Hadith/sunnah_dot_com_data\riyadussalihin\15_The Book of the Remembrance of Allah.json.
2025-04-13 11:40:21,245 - __main__ - INFO - Saving data to ./Hadith/sunnah_dot_com_data\riyadussalihin\16_The Book of Du'a (Supplications).json...
2025-04-13 11:40:21,261 - __main__ - INFO - Data saved to ./Hadith/sunnah_dot_com_data\riyadussalihin\16_The Book of Du'a (Supplications).json.
2025-04-13 11:41:14,564 - __main__ - INFO - Saving data to ./Hadith/sunnah_dot_com_data\riyadussalihin\17_The Book of the Prohibited actions.json...
2025-04-13 11:41:14,621 - __main__ - INFO - Data saved to ./Hadith/sunnah_dot_com_data\riyadussalihin\17_The Book of the Prohibited actions.json.
2025-04-13 11:41:25,740 - __main__ - INFO - Saving data to ./Hadith/sunnah_dot_com_data\riyadussalihin\18_The Book of Miscellaneous ahadith of Significant Values.json...
2025-04-13 11:41:25,756 - __main__ - INFO - Data saved to ./Hadith/sunnah_dot_com_data\riyadussalihin\18_The Book of Miscellaneous ahadith of Significant Values.json.
2025-04-13 11:41:30,554 - __main__ - INFO - Saving data to ./Hadith/sunnah_dot_com_data\riyadussalihin\19_The Book of Forgiveness.json...
2025-04-13 11:41:30,561 - __main__ - INFO - Data saved to ./Hadith/sunnah_dot_com_data\riyadussalihin\19_The Book of Forgiveness.json.
2025-04-13 11:41:30,565 - __main__ - INFO - Finished scraping riyadussalihin.
2025-04-13 11:41:30,569 - __main__ - INFO - Scraping collection: adab...
2025-04-13 11:41:30,798 - __main__ - INFO - Extracting book data from website...
2025-04-13 11:41:30,855 - __main__ - INFO - 57 books extracted.
2025-04-13 11:41:38,970 - __main__ - INFO - Saving data to ./Hadith/sunnah_dot_com_data\adab\01_Parents.json...
2025-04-13 11:41:38,986 - __main__ - INFO - Data saved to ./Hadith/sunnah_dot_com_data\adab\01_Parents.json.
2025-04-13 11:41:45,052 - __main__ - INFO - Saving data to ./Hadith/sunnah_dot_com_data\adab\02_Ties of Kinship.json...
2025-04-13 11:41:45,061 - __main__ - INFO - Data saved to ./Hadith/sunnah_dot_com_data\adab\02_Ties of Kinship.json.
2025-04-13 11:41:45,632 - __main__ - INFO - Saving data to ./Hadith/sunnah_dot_com_data\adab\03_Mawlas (Clients of Manumission).json...
2025-04-13 11:41:45,636 - __main__ - INFO - Data saved to ./Hadith/sunnah_dot_com_data\adab\03_Mawlas (Clients of Manumission).json.
2025-04-13 11:41:48,194 - __main__ - INFO - Saving data to ./Hadith/sunnah_dot_com_data\adab\04_Looking after girls.json...
2025-04-13 11:41:48,199 - __main__ - INFO - Data saved to ./Hadith/sunnah_dot_com_data\adab\04_Looking after girls.json.
2025-04-13 11:41:51,520 - __main__ - INFO - Saving data to ./Hadith/sunnah_dot_com_data\adab\05_Looking after children.json...
2025-04-13 11:41:51,525 - __main__ - INFO - Data saved to ./Hadith/sunnah_dot_com_data\adab\05_Looking after children.json.
2025-04-13 11:41:57,026 - __main__ - INFO - Saving data to ./Hadith/sunnah_dot_com_data\adab\06_Neighbours.json...
2025-04-13 11:41:57,034 - __main__ - INFO - Data saved to ./Hadith/sunnah_dot_com_data\adab\06_Neighbours.json.
2025-04-13 11:41:59,597 - __main__ - INFO - Saving data to ./Hadith/sunnah_dot_com_data\adab\07_Generosity and Orphans.json...
2025-04-13 11:41:59,602 - __main__ - INFO - Data saved to ./Hadith/sunnah_dot_com_data\adab\07_Generosity and Orphans.json.
2025-04-13 11:42:02,939 - __main__ - INFO - Saving data to ./Hadith/sunnah_dot_com_data\adab\08_Children's Death.json...
2025-04-13 11:42:02,946 - __main__ - INFO - Data saved to ./Hadith/sunnah_dot_com_data\adab\08_Children's Death.json.
2025-04-13 11:42:13,580 - __main__ - INFO - Saving data to ./Hadith/sunnah_dot_com_data\adab\09_Being a master.json...
2025-04-13 11:42:13,592 - __main__ - INFO - Data saved to ./Hadith/sunnah_dot_com_data\adab\09_Being a master.json.
2025-04-13 11:42:15,424 - __main__ - INFO - Saving data to ./Hadith/sunnah_dot_com_data\adab\10_Supervision.json...
2025-04-13 11:42:15,429 - __main__ - INFO - Data saved to ./Hadith/sunnah_dot_com_data\adab\10_Supervision.json.
2025-04-13 11:42:18,825 - __main__ - INFO - Saving data to ./Hadith/sunnah_dot_com_data\adab\11_Good Conduct.json...
2025-04-13 11:42:18,832 - __main__ - INFO - Data saved to ./Hadith/sunnah_dot_com_data\adab\11_Good Conduct.json.
2025-04-13 11:42:22,341 - __main__ - INFO - Saving data to ./Hadith/sunnah_dot_com_data\adab\12_Cheerfulness Towards People.json...
2025-04-13 11:42:22,346 - __main__ - INFO - Data saved to ./Hadith/sunnah_dot_com_data\adab\12_Cheerfulness Towards People.json.
2025-04-13 11:42:23,213 - __main__ - INFO - Saving data to ./Hadith/sunnah_dot_com_data\adab\13_Consultation.json...
2025-04-13 11:42:23,220 - __main__ - INFO - Data saved to ./Hadith/sunnah_dot_com_data\adab\13_Consultation.json.
2025-04-13 11:42:31,386 - __main__ - INFO - Saving data to ./Hadith/sunnah_dot_com_data\adab\14_Excellence in Character.json...
2025-04-13 11:42:31,397 - __main__ - INFO - Data saved to ./Hadith/sunnah_dot_com_data\adab\14_Excellence in Character.json.
2025-04-13 11:42:35,965 - __main__ - INFO - Saving data to ./Hadith/sunnah_dot_com_data\adab\15_Cursing.json...
2025-04-13 11:42:35,972 - __main__ - INFO - Data saved to ./Hadith/sunnah_dot_com_data\adab\15_Cursing.json.
2025-04-13 11:42:38,024 - __main__ - INFO - Saving data to ./Hadith/sunnah_dot_com_data\adab\16_Praise.json...
2025-04-13 11:42:38,028 - __main__ - INFO - Data saved to ./Hadith/sunnah_dot_com_data\adab\16_Praise.json.
2025-04-13 11:42:39,995 - __main__ - INFO - Saving data to ./Hadith/sunnah_dot_com_data\adab\17_Visitation.json...
2025-04-13 11:42:40,000 - __main__ - INFO - Data saved to ./Hadith/sunnah_dot_com_data\adab\17_Visitation.json.
2025-04-13 11:42:41,840 - __main__ - INFO - Saving data to ./Hadith/sunnah_dot_com_data\adab\18_The Elderly.json...
2025-04-13 11:42:41,844 - __main__ - INFO - Data saved to ./Hadith/sunnah_dot_com_data\adab\18_The Elderly.json.
2025-04-13 11:42:43,860 - __main__ - INFO - Saving data to ./Hadith/sunnah_dot_com_data\adab\19_Children.json...
2025-04-13 11:42:43,865 - __main__ - INFO - Data saved to ./Hadith/sunnah_dot_com_data\adab\19_Children.json.
2025-04-13 11:42:46,317 - __main__ - INFO - Saving data to ./Hadith/sunnah_dot_com_data\adab\20_Mercy.json...
2025-04-13 11:42:46,323 - __main__ - INFO - Data saved to ./Hadith/sunnah_dot_com_data\adab\20_Mercy.json.
2025-04-13 11:42:48,951 - __main__ - INFO - Saving data to ./Hadith/sunnah_dot_com_data\adab\21_Social Behaviour.json...
2025-04-13 11:42:48,956 - __main__ - INFO - Data saved to ./Hadith/sunnah_dot_com_data\adab\21_Social Behaviour.json.
2025-04-13 11:42:52,550 - __main__ - INFO - Saving data to ./Hadith/sunnah_dot_com_data\adab\22_Abandonment.json...
2025-04-13 11:42:52,555 - __main__ - INFO - Data saved to ./Hadith/sunnah_dot_com_data\adab\22_Abandonment.json.
2025-04-13 11:42:53,618 - __main__ - INFO - Saving data to ./Hadith/sunnah_dot_com_data\adab\23_Advising.json...
2025-04-13 11:42:53,621 - __main__ - INFO - Data saved to ./Hadith/sunnah_dot_com_data\adab\23_Advising.json.
2025-04-13 11:42:58,299 - __main__ - INFO - Saving data to ./Hadith/sunnah_dot_com_data\adab\24_Disparaging.json...
2025-04-13 11:42:58,305 - __main__ - INFO - Data saved to ./Hadith/sunnah_dot_com_data\adab\24_Disparaging.json.
2025-04-13 11:43:02,602 - __main__ - INFO - Saving data to ./Hadith/sunnah_dot_com_data\adab\25_Extravagance in Building.json...
2025-04-13 11:43:02,608 - __main__ - INFO - Data saved to ./Hadith/sunnah_dot_com_data\adab\25_Extravagance in Building.json.
2025-04-13 11:43:05,309 - __main__ - INFO - Saving data to ./Hadith/sunnah_dot_com_data\adab\26_Compassion.json...
2025-04-13 11:43:05,315 - __main__ - INFO - Data saved to ./Hadith/sunnah_dot_com_data\adab\26_Compassion.json.
2025-04-13 11:43:06,728 - __main__ - INFO - Saving data to ./Hadith/sunnah_dot_com_data\adab\27_Attending to this world.json...
2025-04-13 11:43:06,733 - __main__ - INFO - Data saved to ./Hadith/sunnah_dot_com_data\adab\27_Attending to this world.json.
2025-04-13 11:43:08,304 - __main__ - INFO - Saving data to ./Hadith/sunnah_dot_com_data\adab\28_Injustice.json...
2025-04-13 11:43:08,308 - __main__ - INFO - Data saved to ./Hadith/sunnah_dot_com_data\adab\28_Injustice.json.
2025-04-13 11:43:17,299 - __main__ - INFO - Saving data to ./Hadith/sunnah_dot_com_data\adab\29_Visiting the Ill.json...
2025-04-13 11:43:17,309 - __main__ - INFO - Data saved to ./Hadith/sunnah_dot_com_data\adab\29_Visiting the Ill.json.
2025-04-13 11:43:29,640 - __main__ - INFO - Saving data to ./Hadith/sunnah_dot_com_data\adab\30_General Behavior.json...
2025-04-13 11:43:29,654 - __main__ - INFO - Data saved to ./Hadith/sunnah_dot_com_data\adab\30_General Behavior.json.
2025-04-13 11:43:55,386 - __main__ - INFO - Saving data to ./Hadith/sunnah_dot_com_data\adab\31_Supplication.json...
2025-04-13 11:43:55,411 - __main__ - INFO - Data saved to ./Hadith/sunnah_dot_com_data\adab\31_Supplication.json.
2025-04-13 11:43:58,522 - __main__ - INFO - Saving data to ./Hadith/sunnah_dot_com_data\adab\32_Guests and Spending.json...
2025-04-13 11:43:58,526 - __main__ - INFO - Data saved to ./Hadith/sunnah_dot_com_data\adab\32_Guests and Spending.json.
2025-04-13 11:44:12,543 - __main__ - INFO - Saving data to ./Hadith/sunnah_dot_com_data\adab\33_Sayings.json...
2025-04-13 11:44:12,555 - __main__ - INFO - Data saved to ./Hadith/sunnah_dot_com_data\adab\33_Sayings.json.
2025-04-13 11:44:18,567 - __main__ - INFO - Saving data to ./Hadith/sunnah_dot_com_data\adab\34_Names.json...
2025-04-13 11:44:18,575 - __main__ - INFO - Data saved to ./Hadith/sunnah_dot_com_data\adab\34_Names.json.
2025-04-13 11:44:21,643 - __main__ - INFO - Saving data to ./Hadith/sunnah_dot_com_data\adab\35_Kunyas.json...
2025-04-13 11:44:21,647 - __main__ - INFO - Data saved to ./Hadith/sunnah_dot_com_data\adab\35_Kunyas.json.
2025-04-13 11:44:25,359 - __main__ - INFO - Saving data to ./Hadith/sunnah_dot_com_data\adab\36_Poetry.json...
2025-04-13 11:44:25,365 - __main__ - INFO - Data saved to ./Hadith/sunnah_dot_com_data\adab\36_Poetry.json.
2025-04-13 11:44:28,109 - __main__ - INFO - Saving data to ./Hadith/sunnah_dot_com_data\adab\37_Words.json...
2025-04-13 11:44:28,113 - __main__ - INFO - Data saved to ./Hadith/sunnah_dot_com_data\adab\37_Words.json.
2025-04-13 11:44:31,859 - __main__ - INFO - Saving data to ./Hadith/sunnah_dot_com_data\adab\38_Consequences.json...
2025-04-13 11:44:31,864 - __main__ - INFO - Data saved to ./Hadith/sunnah_dot_com_data\adab\38_Consequences.json.
2025-04-13 11:44:34,217 - __main__ - INFO - Saving data to ./Hadith/sunnah_dot_com_data\adab\39_Omens.json...
2025-04-13 11:44:34,222 - __main__ - INFO - Data saved to ./Hadith/sunnah_dot_com_data\adab\39_Omens.json.
2025-04-13 11:44:40,322 - __main__ - INFO - Saving data to ./Hadith/sunnah_dot_com_data\adab\40_Sneezing and Yawning.json...
2025-04-13 11:44:40,330 - __main__ - INFO - Data saved to ./Hadith/sunnah_dot_com_data\adab\40_Sneezing and Yawning.json.
2025-04-13 11:44:42,967 - __main__ - INFO - Saving data to ./Hadith/sunnah_dot_com_data\adab\41_Gestures.json...
2025-04-13 11:44:42,972 - __main__ - INFO - Data saved to ./Hadith/sunnah_dot_com_data\adab\41_Gestures.json.
2025-04-13 11:44:59,789 - __main__ - INFO - Saving data to ./Hadith/sunnah_dot_com_data\adab\42_Greetings.json...
2025-04-13 11:44:59,808 - __main__ - INFO - Data saved to ./Hadith/sunnah_dot_com_data\adab\42_Greetings.json.
2025-04-13 11:45:10,281 - __main__ - INFO - Saving data to ./Hadith/sunnah_dot_com_data\adab\43_Asking Permission.json...
2025-04-13 11:45:10,291 - __main__ - INFO - Data saved to ./Hadith/sunnah_dot_com_data\adab\43_Asking Permission.json.
2025-04-13 11:45:13,454 - __main__ - INFO - Saving data to ./Hadith/sunnah_dot_com_data\adab\44_The People of the Book.json...
2025-04-13 11:45:13,459 - __main__ - INFO - Data saved to ./Hadith/sunnah_dot_com_data\adab\44_The People of the Book.json.
2025-04-13 11:45:17,164 - __main__ - INFO - Saving data to ./Hadith/sunnah_dot_com_data\adab\45_Letters.json...
2025-04-13 11:45:17,170 - __main__ - INFO - Data saved to ./Hadith/sunnah_dot_com_data\adab\45_Letters.json.
2025-04-13 11:45:20,976 - __main__ - INFO - Saving data to ./Hadith/sunnah_dot_com_data\adab\46_Gatherings.json...
2025-04-13 11:45:20,981 - __main__ - INFO - Data saved to ./Hadith/sunnah_dot_com_data\adab\46_Gatherings.json.
2025-04-13 11:45:25,323 - __main__ - INFO - Saving data to ./Hadith/sunnah_dot_com_data\adab\47_Behaviour with people.json...
2025-04-13 11:45:25,329 - __main__ - INFO - Data saved to ./Hadith/sunnah_dot_com_data\adab\47_Behaviour with people.json.
2025-04-13 11:45:29,977 - __main__ - INFO - Saving data to ./Hadith/sunnah_dot_com_data\adab\48_Sitting and lying down.json...
2025-04-13 11:45:29,987 - __main__ - INFO - Data saved to ./Hadith/sunnah_dot_com_data\adab\48_Sitting and lying down.json.
2025-04-13 11:45:31,369 - __main__ - INFO - Saving data to ./Hadith/sunnah_dot_com_data\adab\49_Mornings and evenings.json...
2025-04-13 11:45:31,372 - __main__ - INFO - Data saved to ./Hadith/sunnah_dot_com_data\adab\49_Mornings and evenings.json.
2025-04-13 11:45:36,046 - __main__ - INFO - Saving data to ./Hadith/sunnah_dot_com_data\adab\50_Sleep and night lodging.json...
2025-04-13 11:45:36,053 - __main__ - INFO - Data saved to ./Hadith/sunnah_dot_com_data\adab\50_Sleep and night lodging.json.
2025-04-13 11:45:37,213 - __main__ - INFO - Saving data to ./Hadith/sunnah_dot_com_data\adab\51_Animals.json...
2025-04-13 11:45:37,217 - __main__ - INFO - Data saved to ./Hadith/sunnah_dot_com_data\adab\51_Animals.json.
2025-04-13 11:45:38,501 - __main__ - INFO - Saving data to ./Hadith/sunnah_dot_com_data\adab\52_Midday Naps.json...
2025-04-13 11:45:38,503 - __main__ - INFO - Data saved to ./Hadith/sunnah_dot_com_data\adab\52_Midday Naps.json.
2025-04-13 11:45:41,080 - __main__ - INFO - Saving data to ./Hadith/sunnah_dot_com_data\adab\53_Circumcision.json...
2025-04-13 11:45:41,087 - __main__ - INFO - Data saved to ./Hadith/sunnah_dot_com_data\adab\53_Circumcision.json.
2025-04-13 11:45:46,049 - __main__ - INFO - Saving data to ./Hadith/sunnah_dot_com_data\adab\54_Betting and similar pastimes.json...
2025-04-13 11:45:46,054 - __main__ - INFO - Data saved to ./Hadith/sunnah_dot_com_data\adab\54_Betting and similar pastimes.json.
2025-04-13 11:45:49,973 - __main__ - INFO - Saving data to ./Hadith/sunnah_dot_com_data\adab\55_Recognition.json...
2025-04-13 11:45:49,981 - __main__ - INFO - Data saved to ./Hadith/sunnah_dot_com_data\adab\55_Recognition.json.
2025-04-13 11:45:51,984 - __main__ - INFO - Saving data to ./Hadith/sunnah_dot_com_data\adab\56_Meddling and Harshness.json...
2025-04-13 11:45:51,990 - __main__ - INFO - Data saved to ./Hadith/sunnah_dot_com_data\adab\56_Meddling and Harshness.json.
2025-04-13 11:45:53,350 - __main__ - INFO - Saving data to ./Hadith/sunnah_dot_com_data\adab\57_Anger.json...
2025-04-13 11:45:53,353 - __main__ - INFO - Data saved to ./Hadith/sunnah_dot_com_data\adab\57_Anger.json.
2025-04-13 11:45:53,356 - __main__ - INFO - Finished scraping adab.
2025-04-13 11:45:53,359 - __main__ - INFO - Scraping collection: shamail...
2025-04-13 11:45:53,574 - __main__ - INFO - Extracting book data from website...
2025-04-13 11:45:53,632 - __main__ - INFO - 57 books extracted.
2025-04-13 11:45:56,097 - __main__ - INFO - Saving data to ./Hadith/sunnah_dot_com_data\shamail\01_The Noble Features Of Rasoolullah.json...
2025-04-13 11:45:56,103 - __main__ - INFO - Data saved to ./Hadith/sunnah_dot_com_data\shamail\01_The Noble Features Of Rasoolullah.json.
2025-04-13 11:45:57,567 - __main__ - INFO - Saving data to ./Hadith/sunnah_dot_com_data\shamail\02_Seal Of Nubuwwah (Prophethood) Of Rasoolullah.json...
2025-04-13 11:45:57,570 - __main__ - INFO - Data saved to ./Hadith/sunnah_dot_com_data\shamail\02_Seal Of Nubuwwah (Prophethood) Of Rasoolullah.json.
2025-04-13 11:45:59,037 - __main__ - INFO - Saving data to ./Hadith/sunnah_dot_com_data\shamail\03_The Mubarak Hair Of Rasoolullah.json...
2025-04-13 11:45:59,040 - __main__ - INFO - Data saved to ./Hadith/sunnah_dot_com_data\shamail\03_The Mubarak Hair Of Rasoolullah.json.
2025-04-13 11:46:00,048 - __main__ - INFO - Saving data to ./Hadith/sunnah_dot_com_data\shamail\04_The Combing Of The Hair Of Rasoolullah.json...
2025-04-13 11:46:00,053 - __main__ - INFO - Data saved to ./Hadith/sunnah_dot_com_data\shamail\04_The Combing Of The Hair Of Rasoolullah.json.
2025-04-13 11:46:01,969 - __main__ - INFO - Saving data to ./Hadith/sunnah_dot_com_data\shamail\05_Appearing Of The White Hair Of Rasoolullah.json...
2025-04-13 11:46:01,973 - __main__ - INFO - Data saved to ./Hadith/sunnah_dot_com_data\shamail\05_Appearing Of The White Hair Of Rasoolullah.json.
2025-04-13 11:46:03,273 - __main__ - INFO - Saving data to ./Hadith/sunnah_dot_com_data\shamail\06_Rasoolullah Using a Dye.json...
2025-04-13 11:46:03,276 - __main__ - INFO - Data saved to ./Hadith/sunnah_dot_com_data\shamail\06_Rasoolullah Using a Dye.json.
2025-04-13 11:46:04,332 - __main__ - INFO - Saving data to ./Hadith/sunnah_dot_com_data\shamail\07_Kuhl Of Rasoolullah.json...
2025-04-13 11:46:04,336 - __main__ - INFO - Data saved to ./Hadith/sunnah_dot_com_data\shamail\07_Kuhl Of Rasoolullah.json.
2025-04-13 11:46:07,485 - __main__ - INFO - Saving data to ./Hadith/sunnah_dot_com_data\shamail\08_The Dressing Of Rasoolullah.json...
2025-04-13 11:46:07,492 - __main__ - INFO - Data saved to ./Hadith/sunnah_dot_com_data\shamail\08_The Dressing Of Rasoolullah.json.
2025-04-13 11:46:08,086 - __main__ - INFO - Saving data to ./Hadith/sunnah_dot_com_data\shamail\8b_The Standard of Living of Rasoolullah.json...
2025-04-13 11:46:08,088 - __main__ - INFO - Data saved to ./Hadith/sunnah_dot_com_data\shamail\8b_The Standard of Living of Rasoolullah.json.
2025-04-13 11:46:08,751 - __main__ - INFO - Saving data to ./Hadith/sunnah_dot_com_data\shamail\09_The Khuff (Leather Socks) Of Rasoolullah.json...
2025-04-13 11:46:08,754 - __main__ - INFO - Data saved to ./Hadith/sunnah_dot_com_data\shamail\09_The Khuff (Leather Socks) Of Rasoolullah.json.
2025-04-13 11:46:10,858 - __main__ - INFO - Saving data to ./Hadith/sunnah_dot_com_data\shamail\10_The Shoes Of Rasoolullah.json...
2025-04-13 11:46:10,862 - __main__ - INFO - Data saved to ./Hadith/sunnah_dot_com_data\shamail\10_The Shoes Of Rasoolullah.json.
2025-04-13 11:46:12,379 - __main__ - INFO - Saving data to ./Hadith/sunnah_dot_com_data\shamail\11_The Mubarak Ring Of Rasoolullah.json...
2025-04-13 11:46:12,382 - __main__ - INFO - Data saved to ./Hadith/sunnah_dot_com_data\shamail\11_The Mubarak Ring Of Rasoolullah.json.
2025-04-13 11:46:14,098 - __main__ - INFO - Saving data to ./Hadith/sunnah_dot_com_data\shamail\12_Stating That Rasoolullah Wore The Ring On His Right Hand.json...
2025-04-13 11:46:14,103 - __main__ - INFO - Data saved to ./Hadith/sunnah_dot_com_data\shamail\12_Stating That Rasoolullah Wore The Ring On His Right Hand.json.
2025-04-13 11:46:15,059 - __main__ - INFO - Saving data to ./Hadith/sunnah_dot_com_data\shamail\13_The Sword Of Rasoolullah.json...
2025-04-13 11:46:15,062 - __main__ - INFO - Data saved to ./Hadith/sunnah_dot_com_data\shamail\13_The Sword Of Rasoolullah.json.
2025-04-13 11:46:15,641 - __main__ - INFO - Saving data to ./Hadith/sunnah_dot_com_data\shamail\14_The Armor Of Rasoolullah.json...
2025-04-13 11:46:15,644 - __main__ - INFO - Data saved to ./Hadith/sunnah_dot_com_data\shamail\14_The Armor Of Rasoolullah.json.
2025-04-13 11:46:16,186 - __main__ - INFO - Saving data to ./Hadith/sunnah_dot_com_data\shamail\15_The Helmet Of Rasoolullah.json...
2025-04-13 11:46:16,189 - __main__ - INFO - Data saved to ./Hadith/sunnah_dot_com_data\shamail\15_The Helmet Of Rasoolullah.json.
2025-04-13 11:46:17,279 - __main__ - INFO - Saving data to ./Hadith/sunnah_dot_com_data\shamail\16_The Turban Of Rasoolullah.json...
2025-04-13 11:46:17,282 - __main__ - INFO - Data saved to ./Hadith/sunnah_dot_com_data\shamail\16_The Turban Of Rasoolullah.json.
2025-04-13 11:46:18,112 - __main__ - INFO - Saving data to ./Hadith/sunnah_dot_com_data\shamail\17_The Lungi Of Rasoolullah.json...
2025-04-13 11:46:18,116 - __main__ - INFO - Data saved to ./Hadith/sunnah_dot_com_data\shamail\17_The Lungi Of Rasoolullah.json.
2025-04-13 11:46:19,076 - __main__ - INFO - Saving data to ./Hadith/sunnah_dot_com_data\shamail\18_The Walking Of Rasoolullah.json...
2025-04-13 11:46:19,081 - __main__ - INFO - Data saved to ./Hadith/sunnah_dot_com_data\shamail\18_The Walking Of Rasoolullah.json.
2025-04-13 11:46:19,452 - __main__ - INFO - Saving data to ./Hadith/sunnah_dot_com_data\shamail\19_The Qinaa Of Rasoolullah.json...
2025-04-13 11:46:19,455 - __main__ - INFO - Data saved to ./Hadith/sunnah_dot_com_data\shamail\19_The Qinaa Of Rasoolullah.json.
2025-04-13 11:46:20,322 - __main__ - INFO - Saving data to ./Hadith/sunnah_dot_com_data\shamail\20_The Sitting Of Rasoolullah.json...
2025-04-13 11:46:20,325 - __main__ - INFO - Data saved to ./Hadith/sunnah_dot_com_data\shamail\20_The Sitting Of Rasoolullah.json.
2025-04-13 11:46:21,402 - __main__ - INFO - Saving data to ./Hadith/sunnah_dot_com_data\shamail\21_The Pillow Of Rasoolullah.json...
2025-04-13 11:46:21,406 - __main__ - INFO - Data saved to ./Hadith/sunnah_dot_com_data\shamail\21_The Pillow Of Rasoolullah.json.
2025-04-13 11:46:21,974 - __main__ - INFO - Saving data to ./Hadith/sunnah_dot_com_data\shamail\22_Rasoolullah Leaning On Something Other Than a Pillow.json...
2025-04-13 11:46:21,977 - __main__ - INFO - Data saved to ./Hadith/sunnah_dot_com_data\shamail\22_Rasoolullah Leaning On Something Other Than a Pillow.json.
2025-04-13 11:46:23,198 - __main__ - INFO - Saving data to ./Hadith/sunnah_dot_com_data\shamail\23_Description Of The Eating Of Rasoolullah.json...
2025-04-13 11:46:23,204 - __main__ - INFO - Data saved to ./Hadith/sunnah_dot_com_data\shamail\23_Description Of The Eating Of Rasoolullah.json.
2025-04-13 11:46:24,774 - __main__ - INFO - Saving data to ./Hadith/sunnah_dot_com_data\shamail\24_The Bread Of Rasoolullah.json...
2025-04-13 11:46:24,778 - __main__ - INFO - Data saved to ./Hadith/sunnah_dot_com_data\shamail\24_The Bread Of Rasoolullah.json.
2025-04-13 11:46:30,868 - __main__ - INFO - Saving data to ./Hadith/sunnah_dot_com_data\shamail\25_What Rasoolullah Would Eat with Bread.json...
2025-04-13 11:46:30,876 - __main__ - INFO - Data saved to ./Hadith/sunnah_dot_com_data\shamail\25_What Rasoolullah Would Eat with Bread.json.
2025-04-13 11:46:31,764 - __main__ - INFO - Saving data to ./Hadith/sunnah_dot_com_data\shamail\26_Rasoolullah Performing Wudu At The Time Of Eating.json...
2025-04-13 11:46:31,768 - __main__ - INFO - Data saved to ./Hadith/sunnah_dot_com_data\shamail\26_Rasoolullah Performing Wudu At The Time Of Eating.json.
2025-04-13 11:46:33,237 - __main__ - INFO - Saving data to ./Hadith/sunnah_dot_com_data\shamail\27_The Words That Of Rasoolullah Said Before and After Eating.json...
2025-04-13 11:46:33,241 - __main__ - INFO - Data saved to ./Hadith/sunnah_dot_com_data\shamail\27_The Words That Of Rasoolullah Said Before and After Eating.json.
2025-04-13 11:46:33,758 - __main__ - INFO - Saving data to ./Hadith/sunnah_dot_com_data\shamail\28_The Cup Of Rasoolullah.json...
2025-04-13 11:46:33,760 - __main__ - INFO - Data saved to ./Hadith/sunnah_dot_com_data\shamail\28_The Cup Of Rasoolullah.json.
2025-04-13 11:46:35,271 - __main__ - INFO - Saving data to ./Hadith/sunnah_dot_com_data\shamail\29_The Fruits Eaten By Rasoolullah.json...
2025-04-13 11:46:35,275 - __main__ - INFO - Data saved to ./Hadith/sunnah_dot_com_data\shamail\29_The Fruits Eaten By Rasoolullah.json.
2025-04-13 11:46:36,587 - __main__ - INFO - Saving data to ./Hadith/sunnah_dot_com_data\shamail\30_Description Of The Things Rasoolullah Drank.json...
2025-04-13 11:46:36,590 - __main__ - INFO - Data saved to ./Hadith/sunnah_dot_com_data\shamail\30_Description Of The Things Rasoolullah Drank.json.
2025-04-13 11:46:38,369 - __main__ - INFO - Saving data to ./Hadith/sunnah_dot_com_data\shamail\31_Hadith Describing The Manner Rasoolullah Drank.json...
2025-04-13 11:46:38,374 - __main__ - INFO - Data saved to ./Hadith/sunnah_dot_com_data\shamail\31_Hadith Describing The Manner Rasoolullah Drank.json.
2025-04-13 11:46:39,588 - __main__ - INFO - Saving data to ./Hadith/sunnah_dot_com_data\shamail\32_Rasoolullah Using 'Itr.json...
2025-04-13 11:46:39,593 - __main__ - INFO - Data saved to ./Hadith/sunnah_dot_com_data\shamail\32_Rasoolullah Using 'Itr.json.
2025-04-13 11:46:40,204 - __main__ - INFO - Saving data to ./Hadith/sunnah_dot_com_data\shamail\33_The Speech Of rasoolullah.json...
2025-04-13 11:46:40,207 - __main__ - INFO - Data saved to ./Hadith/sunnah_dot_com_data\shamail\33_The Speech Of rasoolullah.json.
2025-04-13 11:46:42,072 - __main__ - INFO - Saving data to ./Hadith/sunnah_dot_com_data\shamail\34_The Laughing Of Rasoolullah.json...
2025-04-13 11:46:42,077 - __main__ - INFO - Data saved to ./Hadith/sunnah_dot_com_data\shamail\34_The Laughing Of Rasoolullah.json.
2025-04-13 11:46:43,280 - __main__ - INFO - Saving data to ./Hadith/sunnah_dot_com_data\shamail\35_Description Of The Joking Of Rasoolullah.json...
2025-04-13 11:46:43,284 - __main__ - INFO - Data saved to ./Hadith/sunnah_dot_com_data\shamail\35_Description Of The Joking Of Rasoolullah.json.
2025-04-13 11:46:45,113 - __main__ - INFO - Saving data to ./Hadith/sunnah_dot_com_data\shamail\36_Description Of The Saying Of Rasoolullah On Poetry.json...
2025-04-13 11:46:45,118 - __main__ - INFO - Data saved to ./Hadith/sunnah_dot_com_data\shamail\36_Description Of The Saying Of Rasoolullah On Poetry.json.
2025-04-13 11:46:45,512 - __main__ - INFO - Saving data to ./Hadith/sunnah_dot_com_data\shamail\37_Story Telling Of Rasoolullah At Night.json...
2025-04-13 11:46:45,514 - __main__ - INFO - Data saved to ./Hadith/sunnah_dot_com_data\shamail\37_Story Telling Of Rasoolullah At Night.json.
2025-04-13 11:46:45,897 - __main__ - INFO - Saving data to ./Hadith/sunnah_dot_com_data\shamail\38_Hadith of Umm Zar`.json...
2025-04-13 11:46:45,899 - __main__ - INFO - Data saved to ./Hadith/sunnah_dot_com_data\shamail\38_Hadith of Umm Zar`.json.
2025-04-13 11:46:47,265 - __main__ - INFO - Saving data to ./Hadith/sunnah_dot_com_data\shamail\39_The Sleeping Of Rasoolullah.json...
2025-04-13 11:46:47,270 - __main__ - INFO - Data saved to ./Hadith/sunnah_dot_com_data\shamail\39_The Sleeping Of Rasoolullah.json.
2025-04-13 11:46:51,771 - __main__ - INFO - Saving data to ./Hadith/sunnah_dot_com_data\shamail\40_Worship And Devotion Of Rasoolullah.json...
2025-04-13 11:46:51,778 - __main__ - INFO - Data saved to ./Hadith/sunnah_dot_com_data\shamail\40_Worship And Devotion Of Rasoolullah.json.
2025-04-13 11:46:53,436 - __main__ - INFO - Saving data to ./Hadith/sunnah_dot_com_data\shamail\41_Salaatut Duha (Chaast Prayers).json...
2025-04-13 11:46:53,440 - __main__ - INFO - Data saved to ./Hadith/sunnah_dot_com_data\shamail\41_Salaatut Duha (Chaast Prayers).json.
2025-04-13 11:46:53,831 - __main__ - INFO - Saving data to ./Hadith/sunnah_dot_com_data\shamail\42_Sayyidina Rasoolullah Performing Nawaafil At Home.json...
2025-04-13 11:46:53,836 - __main__ - INFO - Data saved to ./Hadith/sunnah_dot_com_data\shamail\42_Sayyidina Rasoolullah Performing Nawaafil At Home.json.
2025-04-13 11:46:56,845 - __main__ - INFO - Saving data to ./Hadith/sunnah_dot_com_data\shamail\43_The Fasting Of Sayyidina Rasoolullah.json...
2025-04-13 11:46:56,850 - __main__ - INFO - Data saved to ./Hadith/sunnah_dot_com_data\shamail\43_The Fasting Of Sayyidina Rasoolullah.json.
2025-04-13 11:46:58,530 - __main__ - INFO - Saving data to ./Hadith/sunnah_dot_com_data\shamail\44_The Recital Of Sayyidina Rasoolullah.json...
2025-04-13 11:46:58,535 - __main__ - INFO - Data saved to ./Hadith/sunnah_dot_com_data\shamail\44_The Recital Of Sayyidina Rasoolullah.json.
2025-04-13 11:46:59,794 - __main__ - INFO - Saving data to ./Hadith/sunnah_dot_com_data\shamail\45_The Weeping Of Sayyidina Rasoolullah.json...
2025-04-13 11:46:59,798 - __main__ - INFO - Data saved to ./Hadith/sunnah_dot_com_data\shamail\45_The Weeping Of Sayyidina Rasoolullah.json.
2025-04-13 11:47:00,593 - __main__ - INFO - Saving data to ./Hadith/sunnah_dot_com_data\shamail\46_Narrations Of The Bed Of Sayyidina Rasoolullah.json...
2025-04-13 11:47:00,596 - __main__ - INFO - Data saved to ./Hadith/sunnah_dot_com_data\shamail\46_Narrations Of The Bed Of Sayyidina Rasoolullah.json.
2025-04-13 11:47:03,455 - __main__ - INFO - Saving data to ./Hadith/sunnah_dot_com_data\shamail\47_The Humbleness Of Sayyidina Rasoolullah.json...
2025-04-13 11:47:03,461 - __main__ - INFO - Data saved to ./Hadith/sunnah_dot_com_data\shamail\47_The Humbleness Of Sayyidina Rasoolullah.json.
2025-04-13 11:47:06,581 - __main__ - INFO - Saving data to ./Hadith/sunnah_dot_com_data\shamail\48_Noble Character And Habits Of Sayyidina Rasoolullah.json...
2025-04-13 11:47:06,588 - __main__ - INFO - Data saved to ./Hadith/sunnah_dot_com_data\shamail\48_Noble Character And Habits Of Sayyidina Rasoolullah.json.
2025-04-13 11:47:07,152 - __main__ - INFO - Saving data to ./Hadith/sunnah_dot_com_data\shamail\49_Modesty Of Sayyidina Rasoolullah.json...
2025-04-13 11:47:07,155 - __main__ - INFO - Data saved to ./Hadith/sunnah_dot_com_data\shamail\49_Modesty Of Sayyidina Rasoolullah.json.
2025-04-13 11:47:08,494 - __main__ - INFO - Saving data to ./Hadith/sunnah_dot_com_data\shamail\50_Hajaamah (Cupping-Cautering) Of Sayyidina Rasoolullah.json...
2025-04-13 11:47:08,497 - __main__ - INFO - Data saved to ./Hadith/sunnah_dot_com_data\shamail\50_Hajaamah (Cupping-Cautering) Of Sayyidina Rasoolullah.json.
2025-04-13 11:47:09,019 - __main__ - INFO - Saving data to ./Hadith/sunnah_dot_com_data\shamail\51_The Names Of Sayyidina Rasoolullah.json...
2025-04-13 11:47:09,021 - __main__ - INFO - Data saved to ./Hadith/sunnah_dot_com_data\shamail\51_The Names Of Sayyidina Rasoolullah.json.
2025-04-13 11:47:11,114 - __main__ - INFO - Saving data to ./Hadith/sunnah_dot_com_data\shamail\52_The Living Of Sayyidina Rasoolullah.json...
2025-04-13 11:47:11,118 - __main__ - INFO - Data saved to ./Hadith/sunnah_dot_com_data\shamail\52_The Living Of Sayyidina Rasoolullah.json.
2025-04-13 11:47:12,381 - __main__ - INFO - Saving data to ./Hadith/sunnah_dot_com_data\shamail\53_The Noble Age Of Sayyidina Rasoolullah.json...
2025-04-13 11:47:12,385 - __main__ - INFO - Data saved to ./Hadith/sunnah_dot_com_data\shamail\53_The Noble Age Of Sayyidina Rasoolullah.json.
2025-04-13 11:47:15,010 - __main__ - INFO - Saving data to ./Hadith/sunnah_dot_com_data\shamail\54_The Death Of Sayyidina Rasoolullah.json...
2025-04-13 11:47:15,014 - __main__ - INFO - Data saved to ./Hadith/sunnah_dot_com_data\shamail\54_The Death Of Sayyidina Rasoolullah.json.
2025-04-13 11:47:16,432 - __main__ - INFO - Saving data to ./Hadith/sunnah_dot_com_data\shamail\55_The Legacy Of Sayyidina Rasoolullah.json...
2025-04-13 11:47:16,435 - __main__ - INFO - Data saved to ./Hadith/sunnah_dot_com_data\shamail\55_The Legacy Of Sayyidina Rasoolullah.json.
2025-04-13 11:47:18,867 - __main__ - INFO - Saving data to ./Hadith/sunnah_dot_com_data\shamail\56_The Seeing Of Rasoolullah In a Dream.json...
2025-04-13 11:47:18,871 - __main__ - INFO - Data saved to ./Hadith/sunnah_dot_com_data\shamail\56_The Seeing Of Rasoolullah In a Dream.json.
2025-04-13 11:47:18,875 - __main__ - INFO - Finished scraping shamail.
2025-04-13 11:47:18,880 - __main__ - INFO - Scraping collection: mishkat...
2025-04-13 11:47:19,072 - __main__ - INFO - Extracting book data from website...
2025-04-13 11:47:19,106 - __main__ - INFO - 29 books extracted.
2025-04-13 11:47:19,616 - __main__ - INFO - Saving data to ./Hadith/sunnah_dot_com_data\mishkat\00_Author's Introduction.json...
2025-04-13 11:47:19,619 - __main__ - INFO - Data saved to ./Hadith/sunnah_dot_com_data\mishkat\00_Author's Introduction.json.
2025-04-13 11:47:58,640 - __main__ - INFO - Saving data to ./Hadith/sunnah_dot_com_data\mishkat\01_Faith.json...
2025-04-13 11:47:58,679 - __main__ - INFO - Data saved to ./Hadith/sunnah_dot_com_data\mishkat\01_Faith.json.
2025-04-13 11:48:16,569 - __main__ - INFO - Saving data to ./Hadith/sunnah_dot_com_data\mishkat\02_Knowledge.json...
2025-04-13 11:48:16,587 - __main__ - INFO - Data saved to ./Hadith/sunnah_dot_com_data\mishkat\02_Knowledge.json.
2025-04-13 11:49:13,941 - __main__ - INFO - Saving data to ./Hadith/sunnah_dot_com_data\mishkat\03_Purification.json...
2025-04-13 11:49:13,992 - __main__ - INFO - Data saved to ./Hadith/sunnah_dot_com_data\mishkat\03_Purification.json.
2025-04-13 11:52:36,349 - __main__ - INFO - Saving data to ./Hadith/sunnah_dot_com_data\mishkat\04_Prayer.json...
2025-04-13 11:52:36,503 - __main__ - INFO - Data saved to ./Hadith/sunnah_dot_com_data\mishkat\04_Prayer.json.
2025-04-13 11:53:26,949 - __main__ - INFO - Saving data to ./Hadith/sunnah_dot_com_data\mishkat\05_Funerals.json...
2025-04-13 11:53:27,007 - __main__ - INFO - Data saved to ./Hadith/sunnah_dot_com_data\mishkat\05_Funerals.json.
2025-04-13 11:54:07,790 - __main__ - INFO - Saving data to ./Hadith/sunnah_dot_com_data\mishkat\06_Zakat.json...
2025-04-13 11:54:07,841 - __main__ - INFO - Data saved to ./Hadith/sunnah_dot_com_data\mishkat\06_Zakat.json.
2025-04-13 11:54:40,382 - __main__ - INFO - Saving data to ./Hadith/sunnah_dot_com_data\mishkat\07_Fasting.json...
2025-04-13 11:54:40,426 - __main__ - INFO - Data saved to ./Hadith/sunnah_dot_com_data\mishkat\07_Fasting.json.
2025-04-13 11:55:07,337 - __main__ - INFO - Saving data to ./Hadith/sunnah_dot_com_data\mishkat\08_The Excellent Qualities of the Qur'an.json...
2025-04-13 11:55:07,370 - __main__ - INFO - Data saved to ./Hadith/sunnah_dot_com_data\mishkat\08_The Excellent Qualities of the Qur'an.json.
2025-04-13 11:56:05,699 - __main__ - INFO - Saving data to ./Hadith/sunnah_dot_com_data\mishkat\09_Supplications.json...
2025-04-13 11:56:05,756 - __main__ - INFO - Data saved to ./Hadith/sunnah_dot_com_data\mishkat\09_Supplications.json.
2025-04-13 11:56:55,572 - __main__ - INFO - Saving data to ./Hadith/sunnah_dot_com_data\mishkat\10_The Rites of Pilgrimage.json...
2025-04-13 11:56:55,622 - __main__ - INFO - Data saved to ./Hadith/sunnah_dot_com_data\mishkat\10_The Rites of Pilgrimage.json.
2025-04-13 11:57:54,662 - __main__ - INFO - Saving data to ./Hadith/sunnah_dot_com_data\mishkat\11_Business Transactions.json...
2025-04-13 11:57:54,726 - __main__ - INFO - Data saved to ./Hadith/sunnah_dot_com_data\mishkat\11_Business Transactions.json.
2025-04-13 11:58:03,270 - __main__ - INFO - Saving data to ./Hadith/sunnah_dot_com_data\mishkat\12_Inheritance and Wills.json...
2025-04-13 11:58:03,277 - __main__ - INFO - Data saved to ./Hadith/sunnah_dot_com_data\mishkat\12_Inheritance and Wills.json.
2025-04-13 11:59:01,380 - __main__ - INFO - Saving data to ./Hadith/sunnah_dot_com_data\mishkat\13_Marriage.json...
2025-04-13 11:59:01,441 - __main__ - INFO - Data saved to ./Hadith/sunnah_dot_com_data\mishkat\13_Marriage.json.
2025-04-13 11:59:06,920 - __main__ - INFO - Saving data to ./Hadith/sunnah_dot_com_data\mishkat\14_Emancipation.json...
2025-04-13 11:59:06,930 - __main__ - INFO - Data saved to ./Hadith/sunnah_dot_com_data\mishkat\14_Emancipation.json.
2025-04-13 11:59:15,728 - __main__ - INFO - Saving data to ./Hadith/sunnah_dot_com_data\mishkat\15_Oaths and Vows.json...
2025-04-13 11:59:15,743 - __main__ - INFO - Data saved to ./Hadith/sunnah_dot_com_data\mishkat\15_Oaths and Vows.json.
2025-04-13 11:59:37,990 - __main__ - INFO - Saving data to ./Hadith/sunnah_dot_com_data\mishkat\16_Retaliation.json...
2025-04-13 11:59:38,022 - __main__ - INFO - Data saved to ./Hadith/sunnah_dot_com_data\mishkat\16_Retaliation.json.
2025-04-13 11:59:59,237 - __main__ - INFO - Saving data to ./Hadith/sunnah_dot_com_data\mishkat\17_Prescribed Punishments.json...
2025-04-13 11:59:59,270 - __main__ - INFO - Data saved to ./Hadith/sunnah_dot_com_data\mishkat\17_Prescribed Punishments.json.
2025-04-13 12:00:32,902 - __main__ - INFO - Saving data to ./Hadith/sunnah_dot_com_data\mishkat\18_The Offices of Commander and Qadi.json...
2025-04-13 12:00:32,940 - __main__ - INFO - Data saved to ./Hadith/sunnah_dot_com_data\mishkat\18_The Offices of Commander and Qadi.json.
2025-04-13 12:01:33,972 - __main__ - INFO - Saving data to ./Hadith/sunnah_dot_com_data\mishkat\19_Jihad.json...
2025-04-13 12:01:34,058 - __main__ - INFO - Data saved to ./Hadith/sunnah_dot_com_data\mishkat\19_Jihad.json.
2025-04-13 12:01:54,950 - __main__ - INFO - Saving data to ./Hadith/sunnah_dot_com_data\mishkat\20_Game and Animals Which May Be Slaughtered.json...
2025-04-13 12:01:54,980 - __main__ - INFO - Data saved to ./Hadith/sunnah_dot_com_data\mishkat\20_Game and Animals Which May Be Slaughtered.json.
2025-04-13 12:02:27,989 - __main__ - INFO - Saving data to ./Hadith/sunnah_dot_com_data\mishkat\21_Foods.json...
2025-04-13 12:02:28,033 - __main__ - INFO - Data saved to ./Hadith/sunnah_dot_com_data\mishkat\21_Foods.json.
2025-04-13 12:03:16,104 - __main__ - INFO - Saving data to ./Hadith/sunnah_dot_com_data\mishkat\22_Clothing.json...
2025-04-13 12:03:16,162 - __main__ - INFO - Data saved to ./Hadith/sunnah_dot_com_data\mishkat\22_Clothing.json.
2025-04-13 12:03:36,873 - __main__ - INFO - Saving data to ./Hadith/sunnah_dot_com_data\mishkat\23_Medicine and Spells.json...
2025-04-13 12:03:36,900 - __main__ - INFO - Data saved to ./Hadith/sunnah_dot_com_data\mishkat\23_Medicine and Spells.json.
2025-04-13 12:03:41,628 - __main__ - INFO - Saving data to ./Hadith/sunnah_dot_com_data\mishkat\24_Visions.json...
2025-04-13 12:03:41,641 - __main__ - INFO - Data saved to ./Hadith/sunnah_dot_com_data\mishkat\24_Visions.json.
2025-04-13 12:04:13,206 - __main__ - INFO - Saving data to ./Hadith/sunnah_dot_com_data\mishkat\27_Fitan.json...
2025-04-13 12:04:13,254 - __main__ - INFO - Data saved to ./Hadith/sunnah_dot_com_data\mishkat\27_Fitan.json.
2025-04-13 12:04:58,691 - __main__ - INFO - Saving data to ./Hadith/sunnah_dot_com_data\mishkat\28_Events of the Day of Resurrection and the Beginning of Creation.json...
2025-04-13 12:04:58,756 - __main__ - INFO - Data saved to ./Hadith/sunnah_dot_com_data\mishkat\28_Events of the Day of Resurrection and the Beginning of Creation.json.
2025-04-13 12:05:52,876 - __main__ - INFO - Saving data to ./Hadith/sunnah_dot_com_data\mishkat\29_Excellent Qualities and Description of the Prophet.json...
2025-04-13 12:05:52,964 - __main__ - INFO - Data saved to ./Hadith/sunnah_dot_com_data\mishkat\29_Excellent Qualities and Description of the Prophet.json.
2025-04-13 12:06:59,347 - __main__ - INFO - Saving data to ./Hadith/sunnah_dot_com_data\mishkat\30_Fine Qualities.json...
2025-04-13 12:06:59,414 - __main__ - INFO - Data saved to ./Hadith/sunnah_dot_com_data\mishkat\30_Fine Qualities.json.
2025-04-13 12:06:59,425 - __main__ - INFO - Finished scraping mishkat.
2025-04-13 12:06:59,453 - __main__ - INFO - Scraping collection: bulugh...
2025-04-13 12:06:59,640 - __main__ - INFO - Extracting book data from website...
2025-04-13 12:06:59,666 - __main__ - INFO - 16 books extracted.
2025-04-13 12:07:32,981 - __main__ - INFO - Saving data to ./Hadith/sunnah_dot_com_data\bulugh\01_The Book of Purification.json...
2025-04-13 12:07:33,039 - __main__ - INFO - Data saved to ./Hadith/sunnah_dot_com_data\bulugh\01_The Book of Purification.json.
2025-04-13 12:08:51,422 - __main__ - INFO - Saving data to ./Hadith/sunnah_dot_com_data\bulugh\02_The Book of Prayer.json...
2025-04-13 12:08:51,560 - __main__ - INFO - Data saved to ./Hadith/sunnah_dot_com_data\bulugh\02_The Book of Prayer.json.
2025-04-13 12:09:05,401 - __main__ - INFO - Saving data to ./Hadith/sunnah_dot_com_data\bulugh\03_Funerals.json...
2025-04-13 12:09:05,417 - __main__ - INFO - Data saved to ./Hadith/sunnah_dot_com_data\bulugh\03_Funerals.json.
2025-04-13 12:09:14,204 - __main__ - INFO - Saving data to ./Hadith/sunnah_dot_com_data\bulugh\04_The Book of Zakah.json...
2025-04-13 12:09:14,218 - __main__ - INFO - Data saved to ./Hadith/sunnah_dot_com_data\bulugh\04_The Book of Zakah.json.
2025-04-13 12:09:24,731 - __main__ - INFO - Saving data to ./Hadith/sunnah_dot_com_data\bulugh\05_Fasting.json...
2025-04-13 12:09:24,746 - __main__ - INFO - Data saved to ./Hadith/sunnah_dot_com_data\bulugh\05_Fasting.json.
2025-04-13 12:09:38,408 - __main__ - INFO - Saving data to ./Hadith/sunnah_dot_com_data\bulugh\06_Hajj.json...
2025-04-13 12:09:38,429 - __main__ - INFO - Data saved to ./Hadith/sunnah_dot_com_data\bulugh\06_Hajj.json.
2025-04-13 12:10:18,992 - __main__ - INFO - Saving data to ./Hadith/sunnah_dot_com_data\bulugh\07_Business Transactions.json...
2025-04-13 12:10:19,052 - __main__ - INFO - Data saved to ./Hadith/sunnah_dot_com_data\bulugh\07_Business Transactions.json.
2025-04-13 12:10:55,151 - __main__ - INFO - Saving data to ./Hadith/sunnah_dot_com_data\bulugh\08_Marriage.json...
2025-04-13 12:10:55,173 - __main__ - INFO - Data saved to ./Hadith/sunnah_dot_com_data\bulugh\08_Marriage.json.
2025-04-13 12:11:03,117 - __main__ - INFO - Saving data to ./Hadith/sunnah_dot_com_data\bulugh\09_Crimes (Qisas or Retaliation).json...
2025-04-13 12:11:03,131 - __main__ - INFO - Data saved to ./Hadith/sunnah_dot_com_data\bulugh\09_Crimes (Qisas or Retaliation).json.
2025-04-13 12:11:13,814 - __main__ - INFO - Saving data to ./Hadith/sunnah_dot_com_data\bulugh\10_Hudud.json...
2025-04-13 12:11:13,834 - __main__ - INFO - Data saved to ./Hadith/sunnah_dot_com_data\bulugh\10_Hudud.json.
2025-04-13 12:11:25,581 - __main__ - INFO - Saving data to ./Hadith/sunnah_dot_com_data\bulugh\11_Jihad.json...
2025-04-13 12:11:25,598 - __main__ - INFO - Data saved to ./Hadith/sunnah_dot_com_data\bulugh\11_Jihad.json.
2025-04-13 12:11:33,846 - __main__ - INFO - Saving data to ./Hadith/sunnah_dot_com_data\bulugh\12_Food.json...
2025-04-13 12:11:33,861 - __main__ - INFO - Data saved to ./Hadith/sunnah_dot_com_data\bulugh\12_Food.json.
2025-04-13 12:11:37,320 - __main__ - INFO - Saving data to ./Hadith/sunnah_dot_com_data\bulugh\13_Oaths and Vows.json...
2025-04-13 12:11:37,328 - __main__ - INFO - Data saved to ./Hadith/sunnah_dot_com_data\bulugh\13_Oaths and Vows.json.
2025-04-13 12:11:42,810 - __main__ - INFO - Saving data to ./Hadith/sunnah_dot_com_data\bulugh\14_Judgments.json...
2025-04-13 12:11:42,823 - __main__ - INFO - Data saved to ./Hadith/sunnah_dot_com_data\bulugh\14_Judgments.json.
2025-04-13 12:11:45,869 - __main__ - INFO - Saving data to ./Hadith/sunnah_dot_com_data\bulugh\15_Emancipation.json...
2025-04-13 12:11:45,877 - __main__ - INFO - Data saved to ./Hadith/sunnah_dot_com_data\bulugh\15_Emancipation.json.
2025-04-13 12:12:09,131 - __main__ - INFO - Saving data to ./Hadith/sunnah_dot_com_data\bulugh\16_The Comprehensive Book.json...
2025-04-13 12:12:09,161 - __main__ - INFO - Data saved to ./Hadith/sunnah_dot_com_data\bulugh\16_The Comprehensive Book.json.
2025-04-13 12:12:09,166 - __main__ - INFO - Finished scraping bulugh.
2025-04-13 12:12:09,174 - __main__ - INFO - Scraping collection: forty...
2025-04-13 12:12:09,339 - __main__ - INFO - Extracting book data from website...
2025-04-13 12:12:09,349 - __main__ - INFO - 3 books extracted.
2025-04-13 12:12:09,767 - __main__ - INFO - Saving data to ./Hadith/sunnah_dot_com_data\forty\00_Forty Hadith of an-Nawawi.json...
2025-04-13 12:12:09,770 - __main__ - INFO - Data saved to ./Hadith/sunnah_dot_com_data\forty\00_Forty Hadith of an-Nawawi.json.
2025-04-13 12:12:10,184 - __main__ - INFO - Saving data to ./Hadith/sunnah_dot_com_data\forty\00_Forty Hadith Qudsi.json...
2025-04-13 12:12:10,187 - __main__ - INFO - Data saved to ./Hadith/sunnah_dot_com_data\forty\00_Forty Hadith Qudsi.json.
2025-04-13 12:12:10,607 - __main__ - INFO - Saving data to ./Hadith/sunnah_dot_com_data\forty\00_Forty Hadith of Shah Waliullah Dehlawi.json...
2025-04-13 12:12:10,612 - __main__ - INFO - Data saved to ./Hadith/sunnah_dot_com_data\forty\00_Forty Hadith of Shah Waliullah Dehlawi.json.
2025-04-13 12:12:10,615 - __main__ - INFO - Finished scraping forty.
2025-04-13 12:12:10,620 - __main__ - INFO - Scraping collection: hisn...
2025-04-13 12:12:13,093 - __main__ - INFO - Extracting book data from website...
2025-04-13 12:12:57,110 - __main__ - INFO - Saving data to ./Hadith/sunnah_dot_com_data\hisn\hadiths.json...
2025-04-13 12:12:57,172 - __main__ - INFO - Data saved to ./Hadith/sunnah_dot_com_data\hisn\hadiths.json.
2025-04-13 12:12:57,176 - __main__ - INFO - Finished scraping hisn.
