epoch,steps,cosine_pearson,cosine_spearman
0.10706638115631692,100,nan,nan
0.21413276231263384,200,nan,nan
